,stress_spike_pct,stress_cong_threshold,stress_cong_min_days,n_long,xlu_hedge,n_short,stress_day_pct,n_events,sharpe,ann_return,ann_vol,max_dd,hit_rate,sortino,stress_sharpe,calm_sharpe
1,0.97,0.3,10,3,False,5.0,57.1,107,0.319,0.0807,0.1278,-0.1366,0.482,0.422,1.0,-0.456
2,0.99,0.4,7,7,False,3.0,53.1,130,0.31,0.0784,0.1242,-0.1768,0.489,0.412,1.066,-0.435
3,0.97,0.3,10,3,False,3.0,57.1,107,0.306,0.0809,0.1338,-0.1475,0.478,0.418,0.964,-0.505
4,0.99,0.4,7,5,False,5.0,53.1,130,0.296,0.076,0.1217,-0.1556,0.483,0.393,1.003,-0.377
5,0.95,0.5,3,7,False,3.0,60.6,349,0.296,0.0795,0.1334,-0.17,0.482,0.407,0.461,0.088
6,0.97,0.3,10,5,False,5.0,57.1,107,0.293,0.0756,0.1216,-0.1226,0.478,0.383,1.033,-0.468
7,0.95,0.5,3,3,False,3.0,60.6,349,0.275,0.0802,0.146,-0.186,0.479,0.379,0.457,0.013
8,0.99,0.4,7,5,False,3.0,53.1,130,0.274,0.0756,0.1298,-0.1872,0.482,0.371,0.953,-0.439
9,0.97,0.3,10,7,False,5.0,57.1,107,0.266,0.0721,0.1208,-0.1318,0.48,0.345,0.988,-0.465
10,0.95,0.5,3,7,False,5.0,60.6,349,0.259,0.0738,0.1305,-0.17,0.476,0.352,0.43,0.051
11,0.95,0.5,3,3,False,5.0,60.6,349,0.253,0.0747,0.137,-0.1975,0.481,0.345,0.362,0.109
12,0.95,0.5,3,5,False,3.0,60.6,349,0.25,0.0742,0.1369,-0.17,0.48,0.346,0.427,0.016
13,0.99,0.4,7,7,False,5.0,53.1,130,0.239,0.0688,0.1206,-0.1832,0.484,0.313,0.887,-0.366
14,0.97,0.4,7,7,False,3.0,54.9,146,0.23,0.0687,0.125,-0.1226,0.48,0.304,0.984,-0.523
15,0.97,0.3,10,7,False,3.0,57.1,107,0.23,0.0683,0.1228,-0.1226,0.476,0.303,0.915,-0.488
16,0.97,0.3,10,5,False,3.0,57.1,107,0.23,0.069,0.1262,-0.1428,0.481,0.302,0.877,-0.484
17,0.97,0.4,7,5,False,5.0,54.9,146,0.225,0.0676,0.1224,-0.1226,0.48,0.298,0.935,-0.46
18,0.97,0.4,7,5,False,3.0,54.9,146,0.22,0.0687,0.1301,-0.156,0.483,0.294,0.967,-0.579
19,0.95,0.4,7,5,False,3.0,55.9,153,0.218,0.0684,0.1303,-0.156,0.484,0.288,1.04,-0.678
20,0.95,0.4,7,3,False,3.0,55.9,153,0.214,0.0695,0.138,-0.1551,0.478,0.289,0.936,-0.628
21,0.97,0.5,3,7,False,3.0,59.9,342,0.212,0.0683,0.1335,-0.184,0.473,0.292,0.394,-0.014
22,0.97,0.4,7,3,False,5.0,54.9,146,0.199,0.0655,0.1281,-0.147,0.478,0.266,0.813,-0.438
23,0.95,0.4,3,7,False,3.0,66.8,354,0.197,0.0658,0.1309,-0.2076,0.472,0.265,0.132,0.308
24,0.99,0.3,10,5,False,5.0,55.6,91,0.19,0.0632,0.1221,-0.1242,0.479,0.248,1.09,-0.684
25,0.99,0.4,10,7,False,5.0,48.0,93,0.188,0.0625,0.1195,-0.1289,0.475,0.249,1.054,-0.469
26,0.97,0.4,7,3,False,3.0,54.9,146,0.187,0.0665,0.1419,-0.1834,0.478,0.251,0.864,-0.606
27,0.97,0.4,10,7,False,5.0,49.9,109,0.184,0.0622,0.1209,-0.1226,0.469,0.245,0.939,-0.404
28,0.97,0.5,3,7,False,5.0,59.9,342,0.184,0.0641,0.1306,-0.184,0.471,0.251,0.378,-0.046
29,0.95,0.5,3,5,False,5.0,60.6,349,0.18,0.0636,0.1309,-0.17,0.472,0.244,0.291,0.045
30,0.97,0.5,3,5,False,3.0,59.9,342,0.179,0.0645,0.137,-0.184,0.475,0.248,0.349,-0.041
31,0.99,0.4,10,3,False,5.0,48.0,93,0.179,0.0624,0.1253,-0.1548,0.473,0.241,1.209,-0.66
32,0.95,0.4,3,3,False,3.0,66.8,354,0.175,0.0656,0.1465,-0.2076,0.47,0.23,0.112,0.298
33,0.99,0.3,10,7,False,5.0,55.6,91,0.171,0.0608,0.1214,-0.1349,0.481,0.222,1.059,-0.681
34,0.95,0.3,10,3,False,5.0,58.0,114,0.17,0.0618,0.1281,-0.1394,0.479,0.225,0.966,-0.751
35,0.97,0.4,3,7,False,3.0,66.1,347,0.169,0.0625,0.1336,-0.2076,0.469,0.226,0.061,0.349
36,0.97,0.4,7,7,False,5.0,54.9,146,0.169,0.0604,0.1212,-0.1334,0.481,0.219,0.819,-0.449
37,0.95,0.4,7,5,False,5.0,55.9,153,0.161,0.0599,0.1232,-0.1242,0.479,0.213,0.953,-0.618
38,0.95,0.3,10,5,False,5.0,58.0,114,0.161,0.0597,0.1225,-0.1226,0.479,0.21,1.06,-0.785
39,0.95,0.3,10,3,False,3.0,58.0,114,0.155,0.0611,0.1365,-0.1475,0.477,0.209,1.018,-0.932
40,0.95,0.4,7,7,False,3.0,55.9,153,0.155,0.0594,0.1254,-0.1242,0.479,0.205,0.989,-0.692
41,0.95,0.4,10,3,False,5.0,51.2,116,0.151,0.0595,0.1296,-0.1413,0.473,0.203,1.013,-0.617
42,0.99,0.4,10,5,False,5.0,48.0,93,0.148,0.0577,0.1195,-0.1289,0.471,0.196,1.035,-0.519
43,0.95,0.3,10,5,False,3.0,58.0,114,0.146,0.0586,0.1274,-0.1428,0.484,0.19,1.038,-0.865
44,0.99,0.3,10,3,False,5.0,55.6,91,0.145,0.0588,0.1294,-0.1609,0.481,0.191,0.977,-0.764
45,0.95,0.4,3,3,False,5.0,66.8,354,0.144,0.0599,0.1384,-0.2076,0.472,0.191,0.041,0.329
46,0.97,0.4,10,3,False,5.0,49.9,109,0.143,0.0582,0.127,-0.1526,0.469,0.192,1.003,-0.574
47,0.95,0.3,10,7,False,3.0,58.0,114,0.138,0.0571,0.1237,-0.1226,0.478,0.182,1.019,-0.809
48,0.99,0.3,10,5,False,3.0,55.6,91,0.134,0.0572,0.128,-0.1592,0.48,0.18,0.855,-0.637
49,0.95,0.3,10,7,False,5.0,58.0,114,0.133,0.0562,0.1217,-0.1318,0.481,0.173,1.016,-0.781
50,0.99,0.4,7,3,False,5.0,53.1,130,0.127,0.0562,0.127,-0.2505,0.477,0.171,0.783,-0.538
51,0.95,0.4,3,5,False,5.0,66.8,354,0.126,0.0564,0.1303,-0.2076,0.467,0.169,-0.001,0.336
52,0.95,0.3,3,5,False,3.0,72.6,347,0.12,0.0572,0.1426,-0.2076,0.479,0.152,0.084,0.207
53,0.97,0.3,3,5,False,3.0,72.1,340,0.119,0.057,0.1425,-0.2076,0.478,0.151,0.083,0.205
54,0.95,0.3,3,7,False,3.0,72.6,347,0.117,0.0563,0.1393,-0.2076,0.471,0.148,0.057,0.258
55,0.99,0.4,10,7,False,3.0,48.0,93,0.116,0.0543,0.1237,-0.2086,0.483,0.154,1.022,-0.592
56,0.95,0.4,3,7,False,5.0,66.8,354,0.115,0.0549,0.1293,-0.2076,0.468,0.153,-0.004,0.31
57,0.97,0.4,3,3,False,5.0,66.1,347,0.113,0.0559,0.1412,-0.2076,0.468,0.15,-0.067,0.44
58,0.95,0.3,3,5,False,5.0,72.6,347,0.111,0.0555,0.1395,-0.2076,0.472,0.141,0.051,0.254
59,0.97,0.3,3,5,False,5.0,72.1,340,0.111,0.0555,0.1395,-0.2076,0.472,0.141,0.062,0.227
60,0.97,0.3,3,7,False,3.0,72.1,340,0.11,0.0553,0.1392,-0.2076,0.471,0.139,0.06,0.226
61,0.95,0.4,10,3,False,3.0,51.2,116,0.108,0.055,0.1397,-0.1539,0.475,0.145,1.015,-0.702
62,0.97,0.5,3,5,False,5.0,59.9,342,0.106,0.0539,0.1311,-0.184,0.467,0.143,0.238,-0.052
63,0.95,0.4,7,7,False,5.0,55.9,153,0.104,0.0527,0.122,-0.1334,0.48,0.135,0.84,-0.607
64,0.99,0.4,10,3,False,3.0,48.0,93,0.103,0.0539,0.1347,-0.2135,0.474,0.14,0.978,-0.635
65,0.95,0.4,3,5,False,3.0,66.8,354,0.102,0.0538,0.1345,-0.2076,0.469,0.137,0.023,0.24
66,0.97,0.4,10,7,False,3.0,49.9,109,0.101,0.0526,0.1251,-0.1414,0.474,0.134,0.852,-0.503
67,0.95,0.4,10,5,False,5.0,51.2,116,0.1,0.0522,0.1221,-0.1226,0.473,0.132,0.911,-0.552
68,0.95,0.4,10,7,False,3.0,51.2,116,0.099,0.0524,0.125,-0.1231,0.481,0.131,1.102,-0.692
69,0.99,0.4,10,5,False,3.0,48.0,93,0.099,0.0528,0.1288,-0.1849,0.479,0.132,0.746,-0.423
70,0.97,0.4,10,3,False,3.0,49.9,109,0.099,0.0536,0.1374,-0.1795,0.466,0.13,0.859,-0.545
71,0.97,0.4,3,3,False,3.0,66.1,347,0.098,0.0549,0.1519,-0.2076,0.468,0.13,-0.036,0.369
72,0.97,0.5,3,3,False,3.0,59.9,342,0.098,0.0544,0.1461,-0.186,0.471,0.136,0.202,-0.047
73,0.97,0.3,3,7,False,5.0,72.1,340,0.096,0.0533,0.1387,-0.2076,0.472,0.12,0.038,0.227
74,0.95,0.3,3,7,False,5.0,72.6,347,0.096,0.0533,0.1387,-0.2076,0.472,0.12,0.028,0.254
75,0.99,0.4,7,3,False,3.0,53.1,130,0.095,0.0536,0.143,-0.2916,0.476,0.128,0.731,-0.649
76,0.95,0.4,10,7,False,5.0,51.2,116,0.093,0.0513,0.1211,-0.1383,0.474,0.122,1.026,-0.65
77,0.95,0.4,7,3,False,5.0,55.9,153,0.087,0.0512,0.129,-0.1441,0.472,0.117,0.804,-0.677
78,0.97,0.5,3,3,False,5.0,59.9,342,0.084,0.0516,0.1372,-0.1975,0.473,0.115,0.15,-0.001
79,0.97,0.4,3,5,False,5.0,66.1,347,0.083,0.051,0.1329,-0.2076,0.465,0.111,-0.101,0.388
80,0.97,0.4,10,5,False,5.0,49.9,109,0.074,0.0489,0.1212,-0.1226,0.464,0.098,0.768,-0.468
81,0.97,0.4,3,7,False,5.0,66.1,347,0.072,0.0494,0.1319,-0.2076,0.466,0.095,-0.105,0.362
82,0.95,0.3,3,3,False,5.0,72.6,347,0.071,0.0505,0.1475,-0.2076,0.476,0.09,0.011,0.222
83,0.95,0.4,10,5,False,3.0,51.2,116,0.071,0.0492,0.1286,-0.1613,0.484,0.093,1.113,-0.798
84,0.97,0.3,3,3,False,5.0,72.1,340,0.071,0.0505,0.1475,-0.2076,0.476,0.09,0.023,0.191
85,0.97,0.4,3,5,False,3.0,66.1,347,0.063,0.0487,0.1371,-0.2076,0.467,0.085,-0.088,0.325
86,0.99,0.3,10,3,False,3.0,55.6,91,0.055,0.0476,0.1364,-0.2356,0.474,0.075,0.798,-0.838
87,0.95,0.3,3,3,False,3.0,72.6,347,0.053,0.0482,0.1542,-0.2076,0.47,0.068,0.032,0.11
88,0.97,0.3,3,3,False,3.0,72.1,340,0.052,0.0481,0.1538,-0.2076,0.47,0.066,0.031,0.107
89,0.99,0.3,10,7,False,3.0,55.6,91,0.047,0.0459,0.1249,-0.2513,0.478,0.062,0.784,-0.703
90,0.97,0.4,10,5,False,3.0,49.9,109,0.03,0.0439,0.1301,-0.1714,0.472,0.04,0.654,-0.488
91,0.99,0.5,3,7,False,3.0,58.1,326,0.03,0.0441,0.1363,-0.2321,0.471,0.039,0.39,-0.404
92,0.95,0.3,7,3,False,5.0,62.1,153,0.023,0.0431,0.1365,-0.2046,0.485,0.028,0.531,-0.754
93,0.99,0.5,7,7,False,5.0,45.9,127,0.011,0.0414,0.122,-0.2183,0.468,0.015,0.597,-0.391
94,0.97,0.3,7,3,False,5.0,61.6,146,0.01,0.0413,0.1359,-0.2375,0.483,0.012,0.504,-0.738
95,0.97,0.5,7,7,False,5.0,48.0,143,0.005,0.0405,0.1197,-0.1901,0.467,0.006,0.227,-0.157
96,0.99,0.5,3,7,False,5.0,58.1,326,0.005,0.0407,0.133,-0.2321,0.47,0.007,0.353,-0.399
97,0.95,0.5,7,7,False,5.0,49.1,150,0.002,0.0403,0.1204,-0.1796,0.473,0.003,0.269,-0.196
98,0.99,0.5,7,5,False,5.0,45.9,127,0.002,0.0403,0.1224,-0.2213,0.468,0.003,0.585,-0.399
99,0.99,0.3,3,5,False,5.0,71.2,324,0.002,0.0403,0.1393,-0.2076,0.475,0.003,0.004,-0.001
100,0.97,0.5,7,5,False,5.0,48.0,143,-0.0,0.04,0.1202,-0.1905,0.467,-0.0,0.21,-0.153
101,0.95,0.5,7,5,False,5.0,49.1,150,-0.002,0.0397,0.1209,-0.18,0.473,-0.003,0.252,-0.192
102,0.99,0.5,10,7,False,5.0,39.6,85,-0.002,0.0397,0.1211,-0.2339,0.466,-0.003,0.663,-0.358
103,0.97,0.5,10,7,False,5.0,41.6,101,-0.008,0.039,0.1189,-0.2204,0.468,-0.011,0.621,-0.352
104,0.99,0.5,7,7,False,3.0,45.9,127,-0.01,0.0388,0.129,-0.26,0.469,-0.013,0.445,-0.337
105,0.99,0.5,10,7,False,3.0,39.6,85,-0.011,0.0386,0.1263,-0.2602,0.467,-0.015,0.631,-0.371
106,0.97,0.5,7,7,False,3.0,48.0,143,-0.012,0.0385,0.1263,-0.2298,0.466,-0.016,0.125,-0.116
107,0.99,0.3,3,7,False,5.0,71.2,324,-0.014,0.038,0.1385,-0.2076,0.475,-0.018,-0.02,-0.001
108,0.97,0.5,7,3,False,5.0,48.0,143,-0.015,0.0381,0.1262,-0.2113,0.461,-0.021,0.157,-0.148
109,0.97,0.5,7,5,False,3.0,48.0,143,-0.015,0.038,0.1287,-0.2349,0.465,-0.021,0.106,-0.109
110,0.95,0.5,7,7,False,3.0,49.1,150,-0.016,0.038,0.1282,-0.2295,0.471,-0.021,0.224,-0.205
111,0.97,0.3,7,3,False,3.0,61.6,146,-0.018,0.0374,0.1434,-0.2375,0.481,-0.023,0.434,-0.767
112,0.97,0.5,7,3,False,3.0,48.0,143,-0.018,0.0376,0.1374,-0.2419,0.463,-0.024,0.163,-0.159
113,0.95,0.3,7,7,False,3.0,62.1,153,-0.019,0.0376,0.1274,-0.2046,0.483,-0.023,0.584,-0.831
114,0.99,0.5,3,3,False,3.0,58.1,326,-0.02,0.037,0.1504,-0.2321,0.473,-0.026,0.271,-0.423
115,0.99,0.3,3,5,False,3.0,71.2,324,-0.02,0.0372,0.1426,-0.2076,0.475,-0.025,-0.014,-0.034
116,0.97,0.5,10,3,False,5.0,41.6,101,-0.022,0.0372,0.1259,-0.2326,0.466,-0.03,0.696,-0.458
117,0.95,0.3,7,3,False,3.0,62.1,153,-0.024,0.0365,0.1447,-0.2046,0.485,-0.03,0.47,-0.845
118,0.99,0.5,10,5,False,5.0,39.6,85,-0.027,0.0367,0.1219,-0.2488,0.465,-0.037,0.672,-0.404
119,0.97,0.5,10,5,False,5.0,41.6,101,-0.032,0.0362,0.1198,-0.2215,0.466,-0.042,0.597,-0.379
120,0.99,0.3,3,7,False,3.0,71.2,324,-0.034,0.0353,0.1393,-0.2103,0.472,-0.042,-0.031,-0.039
121,0.97,0.3,7,7,False,3.0,61.6,146,-0.04,0.035,0.1264,-0.2375,0.479,-0.049,0.526,-0.794
122,0.95,0.3,7,5,False,3.0,62.1,153,-0.042,0.0345,0.1306,-0.2046,0.484,-0.052,0.507,-0.815
123,0.95,0.5,7,3,False,3.0,49.1,150,-0.045,0.0337,0.1392,-0.2657,0.466,-0.062,0.152,-0.21
124,0.95,0.5,10,7,False,5.0,42.9,108,-0.049,0.034,0.1213,-0.2937,0.475,-0.065,0.5,-0.364
125,0.95,0.5,10,5,False,5.0,42.9,108,-0.052,0.0336,0.122,-0.2937,0.474,-0.068,0.51,-0.377
126,0.99,0.5,3,5,False,3.0,58.1,326,-0.053,0.0326,0.1398,-0.2321,0.468,-0.069,0.269,-0.456
127,0.99,0.5,3,3,False,5.0,58.1,326,-0.054,0.0325,0.1383,-0.2321,0.471,-0.069,0.164,-0.325
128,0.95,0.3,7,5,False,5.0,62.1,153,-0.054,0.0331,0.1273,-0.2046,0.479,-0.067,0.482,-0.777
129,0.99,0.5,7,5,False,3.0,45.9,127,-0.06,0.0321,0.1323,-0.3006,0.469,-0.083,0.265,-0.302
130,0.99,0.3,7,3,False,5.0,60.4,130,-0.064,0.0314,0.1353,-0.267,0.484,-0.078,0.506,-0.867
131,0.95,0.5,7,5,False,3.0,49.1,150,-0.067,0.0313,0.1307,-0.2781,0.471,-0.091,0.028,-0.144
132,0.97,0.5,10,5,False,3.0,41.6,101,-0.068,0.0315,0.1256,-0.2776,0.473,-0.091,0.391,-0.329
133,0.99,0.5,3,5,False,5.0,58.1,326,-0.071,0.0305,0.1335,-0.2321,0.466,-0.09,0.213,-0.405
134,0.97,0.5,10,3,False,3.0,41.6,101,-0.073,0.0303,0.133,-0.2953,0.463,-0.098,0.591,-0.485
135,0.95,0.3,7,7,False,5.0,62.1,153,-0.079,0.03,0.1263,-0.2107,0.48,-0.096,0.447,-0.777
136,0.97,0.5,10,7,False,3.0,41.6,101,-0.084,0.0296,0.124,-0.287,0.468,-0.113,0.263,-0.284
137,0.99,0.3,3,3,False,5.0,71.2,324,-0.091,0.0266,0.1464,-0.2425,0.473,-0.115,-0.114,-0.039
138,0.95,0.5,7,3,False,5.0,49.1,150,-0.092,0.0283,0.1268,-0.2594,0.464,-0.125,0.145,-0.283
139,0.95,0.5,10,3,False,5.0,42.9,108,-0.095,0.0277,0.1292,-0.3447,0.467,-0.126,0.573,-0.519
140,0.97,0.3,7,5,False,5.0,61.6,146,-0.095,0.028,0.1262,-0.2375,0.475,-0.116,0.424,-0.787
141,0.99,0.5,7,3,False,3.0,45.9,127,-0.096,0.0264,0.1417,-0.3519,0.461,-0.134,0.329,-0.422
142,0.99,0.5,10,5,False,3.0,39.6,85,-0.097,0.0277,0.1274,-0.3302,0.473,-0.133,0.551,-0.458
143,0.95,0.5,10,5,False,3.0,42.9,108,-0.104,0.0269,0.1266,-0.3173,0.474,-0.139,0.453,-0.436
144,0.97,0.3,7,5,False,3.0,61.6,146,-0.106,0.0263,0.1295,-0.2443,0.479,-0.13,0.404,-0.814
145,0.99,0.5,7,3,False,5.0,45.9,127,-0.109,0.0261,0.127,-0.313,0.462,-0.15,0.456,-0.516
146,0.99,0.3,3,3,False,3.0,71.2,324,-0.12,0.0216,0.1535,-0.2838,0.471,-0.151,-0.118,-0.125
147,0.99,0.3,7,5,False,5.0,60.4,130,-0.12,0.0247,0.127,-0.2896,0.48,-0.146,0.428,-0.814
148,0.97,0.3,7,7,False,5.0,61.6,146,-0.12,0.025,0.1252,-0.2532,0.475,-0.146,0.388,-0.787
149,0.99,0.3,7,5,False,3.0,60.4,130,-0.122,0.0241,0.1306,-0.2821,0.483,-0.148,0.42,-0.839
150,0.99,0.5,10,3,False,5.0,39.6,85,-0.122,0.0246,0.1264,-0.326,0.468,-0.162,0.434,-0.431
151,0.99,0.5,10,3,False,3.0,39.6,85,-0.128,0.0229,0.1338,-0.3592,0.467,-0.174,0.565,-0.548
152,0.95,0.5,10,3,False,3.0,42.9,108,-0.146,0.0202,0.1361,-0.3594,0.467,-0.195,0.584,-0.627
153,0.99,0.3,7,7,False,5.0,60.4,130,-0.146,0.0217,0.126,-0.3124,0.48,-0.175,0.391,-0.814
154,0.95,0.5,10,7,False,3.0,42.9,108,-0.162,0.0198,0.1249,-0.3404,0.471,-0.216,0.251,-0.408
155,0.99,0.3,7,3,False,3.0,60.4,130,-0.175,0.0148,0.1439,-0.3369,0.482,-0.214,0.331,-0.965
156,0.99,0.3,7,7,False,3.0,60.4,130,-0.176,0.0176,0.1274,-0.3419,0.48,-0.215,0.349,-0.844
157,0.97,0.5,7,3,True,,48.0,143,-0.183,0.0161,0.1303,-0.3648,0.484,-0.228,0.435,-0.946
158,0.99,0.4,3,3,False,5.0,64.6,331,-0.194,0.0122,0.1434,-0.3056,0.464,-0.244,-0.219,-0.153
159,0.99,0.4,10,3,True,,48.0,93,-0.194,0.0145,0.1318,-0.3648,0.484,-0.242,0.065,-0.522
160,0.99,0.5,7,3,True,,45.9,127,-0.195,0.0146,0.1305,-0.3648,0.484,-0.243,0.372,-0.853
161,0.95,0.5,7,3,True,,49.1,150,-0.195,0.0145,0.1305,-0.3648,0.484,-0.243,0.472,-1.044
162,0.97,0.4,10,3,True,,49.9,109,-0.195,0.0147,0.1299,-0.3648,0.483,-0.242,0.109,-0.593
163,0.95,0.4,3,3,True,,66.8,354,-0.2,0.0151,0.1247,-0.3385,0.484,-0.245,0.166,-1.24
164,0.95,0.3,3,3,True,,72.6,347,-0.205,0.0142,0.1255,-0.3385,0.488,-0.253,-0.054,-0.796
165,0.97,0.3,3,3,True,,72.1,340,-0.205,0.0142,0.1255,-0.3385,0.488,-0.253,-0.066,-0.741
166,0.97,0.3,10,3,True,,57.1,107,-0.206,0.0137,0.128,-0.3648,0.483,-0.255,-0.198,-0.236
167,0.97,0.4,7,3,True,,54.9,146,-0.208,0.0132,0.1284,-0.3648,0.482,-0.258,0.112,-0.771
168,0.97,0.3,7,3,True,,61.6,146,-0.21,0.0132,0.1281,-0.3648,0.483,-0.26,-0.173,-0.314
169,0.99,0.3,7,3,True,,60.4,130,-0.211,0.013,0.1278,-0.3648,0.483,-0.262,-0.177,-0.31
170,0.99,0.4,3,5,False,5.0,64.6,331,-0.212,0.0113,0.1354,-0.3056,0.463,-0.265,-0.22,-0.201
171,0.99,0.3,3,3,True,,71.2,324,-0.213,0.0132,0.1256,-0.3385,0.488,-0.264,-0.093,-0.67
172,0.97,0.4,3,3,True,,66.1,347,-0.218,0.0127,0.1253,-0.3385,0.486,-0.268,0.116,-1.146
173,0.99,0.4,3,3,True,,64.6,331,-0.218,0.0127,0.1253,-0.3385,0.486,-0.268,0.076,-1.001
174,0.99,0.4,7,3,True,,53.1,130,-0.22,0.0117,0.1286,-0.3648,0.482,-0.273,0.079,-0.725
175,0.95,0.4,7,3,True,,55.9,153,-0.221,0.0116,0.1286,-0.3648,0.482,-0.274,0.142,-0.878
176,0.95,0.3,10,3,True,,58.0,114,-0.222,0.0117,0.1278,-0.3648,0.483,-0.274,-0.166,-0.358
177,0.95,0.4,10,3,True,,51.2,116,-0.224,0.0113,0.1282,-0.3648,0.482,-0.277,0.112,-0.677
178,0.99,0.4,3,7,False,5.0,64.6,331,-0.225,0.0097,0.1345,-0.3056,0.464,-0.279,-0.226,-0.225
179,0.95,0.3,7,3,True,,62.1,153,-0.226,0.0112,0.1278,-0.3648,0.483,-0.279,-0.159,-0.406
180,0.95,0.5,10,3,True,,42.9,108,-0.226,0.0108,0.1294,-0.3648,0.482,-0.281,0.393,-0.876
181,0.99,0.4,3,5,False,3.0,64.6,331,-0.227,0.0082,0.14,-0.3056,0.46,-0.288,-0.191,-0.285
182,0.95,0.5,3,3,True,,60.6,349,-0.233,0.01,0.1284,-0.3648,0.482,-0.289,0.109,-1.036
183,0.99,0.5,3,3,True,,58.1,326,-0.233,0.01,0.1284,-0.3648,0.482,-0.289,0.012,-0.764
184,0.99,0.4,3,7,False,3.0,64.6,331,-0.236,0.0078,0.1364,-0.3056,0.464,-0.298,-0.21,-0.278
185,0.97,0.5,3,3,True,,59.9,342,-0.238,0.0094,0.1284,-0.3648,0.482,-0.294,0.072,-0.946
186,0.97,0.5,10,3,True,,41.6,101,-0.238,0.009,0.1299,-0.3648,0.478,-0.297,0.352,-0.841
187,0.99,0.4,3,3,False,3.0,64.6,331,-0.243,0.0023,0.1548,-0.3056,0.467,-0.304,-0.185,-0.35
188,0.99,0.3,10,3,True,,55.6,91,-0.247,0.0084,0.1281,-0.3648,0.482,-0.305,-0.247,-0.266
189,0.99,0.5,10,3,True,,39.6,85,-0.278,0.0045,0.1277,-0.3648,0.479,-0.343,0.201,-0.726
190,0.99,0.5,7,5,True,,45.9,127,-0.316,0.0057,0.1086,-0.3648,0.48,-0.406,0.156,-0.807
191,0.97,0.5,7,5,True,,48.0,143,-0.374,0.0,0.1068,-0.3648,0.485,-0.473,0.15,-0.943
192,0.95,0.5,7,5,True,,49.1,150,-0.388,-0.0016,0.1072,-0.3648,0.479,-0.494,0.176,-1.021
193,0.99,0.5,10,5,True,,39.6,85,-0.404,-0.0033,0.1073,-0.3648,0.478,-0.515,-0.031,-0.715
194,0.97,0.5,10,5,True,,41.6,101,-0.411,-0.0036,0.1063,-0.3648,0.485,-0.517,0.038,-0.804
195,0.99,0.3,3,5,True,,71.2,324,-0.411,-0.0025,0.1033,-0.3385,0.491,-0.515,-0.365,-0.555
196,0.99,0.4,3,5,True,,64.6,331,-0.415,-0.0028,0.103,-0.3385,0.486,-0.516,-0.195,-0.891
197,0.97,0.3,3,5,True,,72.1,340,-0.417,-0.0027,0.1023,-0.3385,0.49,-0.521,-0.353,-0.616
198,0.95,0.3,3,5,True,,72.6,347,-0.417,-0.0027,0.1023,-0.3385,0.49,-0.521,-0.33,-0.691
199,0.95,0.4,3,5,True,,66.8,354,-0.421,-0.003,0.102,-0.3385,0.484,-0.522,-0.118,-1.114
200,0.95,0.4,7,5,True,,55.9,153,-0.424,-0.0048,0.1056,-0.3648,0.483,-0.534,-0.202,-0.754
201,0.97,0.4,3,5,True,,66.1,347,-0.424,-0.0033,0.102,-0.3385,0.484,-0.526,-0.162,-1.008
202,0.99,0.4,10,5,True,,48.0,93,-0.426,-0.0053,0.1064,-0.3648,0.48,-0.537,-0.34,-0.525
203,0.95,0.5,3,5,True,,60.6,349,-0.431,-0.0051,0.1046,-0.3648,0.481,-0.542,-0.118,-1.023
204,0.97,0.5,3,5,True,,59.9,342,-0.431,-0.0051,0.1046,-0.3648,0.481,-0.542,-0.165,-0.922
205,0.99,0.4,7,5,True,,53.1,130,-0.432,-0.0059,0.1062,-0.3648,0.477,-0.549,-0.313,-0.6
206,0.99,0.3,7,5,True,,60.4,130,-0.44,-0.006,0.1045,-0.3648,0.484,-0.551,-0.565,-0.21
207,0.97,0.4,7,5,True,,54.9,146,-0.441,-0.0065,0.1055,-0.3648,0.483,-0.555,-0.256,-0.709
208,0.99,0.3,10,5,True,,55.6,91,-0.449,-0.007,0.1048,-0.3648,0.481,-0.562,-0.647,-0.136
209,0.95,0.4,10,5,True,,51.2,116,-0.45,-0.0073,0.1051,-0.3648,0.48,-0.564,-0.264,-0.671
210,0.99,0.5,3,5,True,,58.1,326,-0.455,-0.0079,0.1052,-0.3648,0.485,-0.571,-0.253,-0.812
211,0.95,0.5,10,5,True,,42.9,108,-0.457,-0.0081,0.1053,-0.3648,0.485,-0.572,0.048,-0.915
212,0.97,0.3,7,5,True,,61.6,146,-0.458,-0.0075,0.1036,-0.3648,0.483,-0.572,-0.542,-0.3
213,0.97,0.4,10,5,True,,49.9,109,-0.465,-0.0088,0.1051,-0.3648,0.48,-0.582,-0.325,-0.625
214,0.95,0.3,7,5,True,,62.1,153,-0.469,-0.0089,0.1041,-0.3648,0.484,-0.585,-0.544,-0.327
215,0.95,0.3,10,5,True,,58.0,114,-0.473,-0.009,0.1036,-0.3648,0.481,-0.59,-0.565,-0.324
216,0.97,0.3,10,5,True,,57.1,107,-0.489,-0.0106,0.1035,-0.3648,0.481,-0.609,-0.629,-0.264
217,0.95,0.4,3,7,True,,66.8,354,-0.56,-0.0134,0.0953,-0.3385,0.484,-0.687,-0.331,-1.043
218,0.97,0.4,3,7,True,,66.1,347,-0.564,-0.0138,0.0954,-0.3385,0.483,-0.693,-0.376,-0.952
219,0.97,0.3,3,7,True,,72.1,340,-0.569,-0.0143,0.0955,-0.3385,0.489,-0.702,-0.56,-0.594
220,0.99,0.5,7,7,True,,45.9,127,-0.571,-0.0161,0.0983,-0.3648,0.479,-0.713,-0.208,-0.915
221,0.95,0.3,3,7,True,,72.6,347,-0.573,-0.0147,0.0955,-0.3385,0.488,-0.708,-0.546,-0.652
222,0.99,0.5,10,7,True,,39.6,85,-0.574,-0.0164,0.0982,-0.3648,0.479,-0.717,-0.286,-0.799
223,0.99,0.4,3,7,True,,64.6,331,-0.575,-0.0148,0.0954,-0.3385,0.481,-0.707,-0.438,-0.844
224,0.99,0.3,3,7,True,,71.2,324,-0.579,-0.0153,0.0955,-0.3385,0.486,-0.716,-0.602,-0.518
225,0.97,0.4,10,7,True,,49.9,109,-0.583,-0.0167,0.0973,-0.3648,0.482,-0.72,-0.557,-0.611
226,0.97,0.5,3,7,True,,59.9,342,-0.583,-0.0167,0.0973,-0.3648,0.482,-0.72,-0.382,-0.924
227,0.95,0.5,3,7,True,,60.6,349,-0.583,-0.0167,0.0973,-0.3648,0.482,-0.72,-0.341,-1.004
228,0.95,0.4,7,7,True,,55.9,153,-0.583,-0.0167,0.0973,-0.3648,0.482,-0.72,-0.471,-0.732
229,0.95,0.4,10,7,True,,51.2,116,-0.583,-0.0167,0.0973,-0.3648,0.482,-0.72,-0.508,-0.666
230,0.97,0.4,7,7,True,,54.9,146,-0.583,-0.0167,0.0973,-0.3648,0.482,-0.72,-0.521,-0.663
231,0.99,0.5,3,7,True,,58.1,326,-0.585,-0.0169,0.0973,-0.3648,0.481,-0.721,-0.448,-0.807
232,0.97,0.3,7,7,True,,61.6,146,-0.589,-0.0172,0.097,-0.3648,0.482,-0.727,-0.784,-0.245
233,0.95,0.3,10,7,True,,58.0,114,-0.589,-0.0172,0.097,-0.3648,0.482,-0.727,-0.803,-0.258
234,0.95,0.3,7,7,True,,62.1,153,-0.589,-0.0172,0.097,-0.3648,0.482,-0.727,-0.754,-0.293
235,0.97,0.3,10,7,True,,57.1,107,-0.589,-0.0172,0.097,-0.3648,0.482,-0.727,-0.845,-0.203
236,0.97,0.5,7,7,True,,48.0,143,-0.59,-0.0175,0.0973,-0.3648,0.478,-0.73,-0.178,-1.001
237,0.95,0.5,7,7,True,,49.1,150,-0.59,-0.0175,0.0973,-0.3648,0.478,-0.73,-0.127,-1.065
238,0.95,0.5,10,7,True,,42.9,108,-0.595,-0.0179,0.0973,-0.3648,0.479,-0.736,-0.199,-0.93
239,0.97,0.5,10,7,True,,41.6,101,-0.595,-0.0179,0.0973,-0.3648,0.479,-0.736,-0.247,-0.88
240,0.99,0.4,7,7,True,,53.1,130,-0.596,-0.0179,0.0973,-0.3648,0.479,-0.737,-0.581,-0.614
241,0.99,0.3,10,7,True,,55.6,91,-0.6,-0.0184,0.0973,-0.3648,0.479,-0.742,-0.889,-0.182
242,0.99,0.4,10,7,True,,48.0,93,-0.6,-0.0184,0.0973,-0.3648,0.479,-0.742,-0.614,-0.587
243,0.99,0.3,7,7,True,,60.4,130,-0.606,-0.0188,0.097,-0.3648,0.479,-0.75,-0.834,-0.216
