name,type,window_start,window_end,context_start,context_end,iso_list,notes
ERCOT Congestion 2018-01-01,congestion,2018-01-01,2018-01-04,2017-12-25,2018-01-11,['ERCOT'],Algo-detected: congestion_frac ≥ 30%
Northeast Polar Vortex,cold,2018-01-04,2018-01-08,2017-12-01,2018-02-28,"['PJM', 'ISO-NE', 'NYISO']",ISO-NE and PJM set cold records. Gas supply disruptions caused gen outages.
ERCOT LMP Spike 2018-01-17,lmp_spike,2018-01-17,2018-01-17,2018-01-03,2018-01-31,['ERCOT'],Algo-detected: lmp_max ≥ 462 $/MWh
ERCOT Congestion 2018-01-18,congestion,2018-01-18,2018-01-21,2018-01-11,2018-01-28,['ERCOT'],Algo-detected: congestion_frac ≥ 30%
ERCOT Congestion 2018-01-30,congestion,2018-01-30,2018-02-01,2018-01-23,2018-02-08,['ERCOT'],Algo-detected: congestion_frac ≥ 30%
ERCOT Congestion 2018-02-13,congestion,2018-02-13,2018-02-16,2018-02-06,2018-02-23,['ERCOT'],Algo-detected: congestion_frac ≥ 30%
ERCOT Congestion 2018-03-03,congestion,2018-03-03,2018-03-05,2018-02-24,2018-03-12,['ERCOT'],Algo-detected: congestion_frac ≥ 30%
ERCOT Congestion 2018-03-09,congestion,2018-03-09,2018-03-11,2018-03-02,2018-03-18,['ERCOT'],Algo-detected: congestion_frac ≥ 30%
ERCOT Congestion 2018-03-22,congestion,2018-03-22,2018-03-24,2018-03-15,2018-03-31,['ERCOT'],Algo-detected: congestion_frac ≥ 30%
ERCOT Congestion 2018-04-03,congestion,2018-04-03,2018-04-08,2018-03-27,2018-04-15,['ERCOT'],Algo-detected: congestion_frac ≥ 30%
ERCOT Congestion 2018-04-11,congestion,2018-04-11,2018-04-14,2018-04-04,2018-04-21,['ERCOT'],Algo-detected: congestion_frac ≥ 30%
ERCOT Congestion 2018-04-16,congestion,2018-04-16,2018-04-18,2018-04-09,2018-04-25,['ERCOT'],Algo-detected: congestion_frac ≥ 30%
ERCOT Congestion 2018-04-29,congestion,2018-04-29,2018-07-24,2018-04-22,2018-07-31,['ERCOT'],Algo-detected: congestion_frac ≥ 30%
ERCOT LMP Spike 2018-05-16,lmp_spike,2018-05-16,2018-05-16,2018-05-02,2018-05-30,['ERCOT'],Algo-detected: lmp_max ≥ 462 $/MWh
ERCOT LMP Spike 2018-07-17,lmp_spike,2018-07-17,2018-07-26,2018-07-03,2018-08-09,['ERCOT'],Algo-detected: lmp_max ≥ 462 $/MWh
ERCOT Congestion 2018-11-12,congestion,2018-11-12,2018-11-14,2018-11-05,2018-11-21,['ERCOT'],Algo-detected: congestion_frac ≥ 30%
ERCOT Congestion 2018-11-28,congestion,2018-11-28,2018-12-02,2018-11-21,2018-12-09,['ERCOT'],Algo-detected: congestion_frac ≥ 30%
ERCOT Congestion 2018-12-04,congestion,2018-12-04,2018-12-06,2018-11-27,2018-12-13,['ERCOT'],Algo-detected: congestion_frac ≥ 30%
ERCOT Congestion 2018-12-30,congestion,2018-12-30,2019-01-04,2018-12-23,2019-01-11,['ERCOT'],Algo-detected: congestion_frac ≥ 30%
ERCOT Congestion 2019-01-21,congestion,2019-01-21,2019-01-23,2019-01-14,2019-01-30,['ERCOT'],Algo-detected: congestion_frac ≥ 30%
PJM Polar Vortex,cold,2019-01-29,2019-02-01,2019-01-01,2019-03-01,"['PJM', 'MISO']","PJM declared Maximum Emergency Generation. Relevant for FE, EXC, WEC, DTE, CMS."
ERCOT Congestion 2019-02-03,congestion,2019-02-03,2019-02-05,2019-01-27,2019-02-12,['ERCOT'],Algo-detected: congestion_frac ≥ 30%
ERCOT Congestion 2019-02-11,congestion,2019-02-11,2019-02-14,2019-02-04,2019-02-21,['ERCOT'],Algo-detected: congestion_frac ≥ 30%
ERCOT LMP Spike 2019-03-05,lmp_spike,2019-03-05,2019-03-05,2019-02-19,2019-03-19,['ERCOT'],Algo-detected: lmp_max ≥ 462 $/MWh
ERCOT Congestion 2019-03-07,congestion,2019-03-07,2019-03-09,2019-02-28,2019-03-16,['ERCOT'],Algo-detected: congestion_frac ≥ 30%
ERCOT Congestion 2019-03-12,congestion,2019-03-12,2019-03-19,2019-03-05,2019-03-26,['ERCOT'],Algo-detected: congestion_frac ≥ 30%
ERCOT Congestion 2019-03-22,congestion,2019-03-22,2019-03-24,2019-03-15,2019-03-31,['ERCOT'],Algo-detected: congestion_frac ≥ 30%
ERCOT Congestion 2019-03-27,congestion,2019-03-27,2019-03-30,2019-03-20,2019-04-06,['ERCOT'],Algo-detected: congestion_frac ≥ 30%
ERCOT Congestion 2019-04-02,congestion,2019-04-02,2019-04-04,2019-03-26,2019-04-11,['ERCOT'],Algo-detected: congestion_frac ≥ 30%
ERCOT Congestion 2019-04-15,congestion,2019-04-15,2019-04-18,2019-04-08,2019-04-25,['ERCOT'],Algo-detected: congestion_frac ≥ 30%
ERCOT Congestion 2019-04-26,congestion,2019-04-26,2019-05-03,2019-04-19,2019-05-10,['ERCOT'],Algo-detected: congestion_frac ≥ 30%
ERCOT Congestion 2019-05-05,congestion,2019-05-05,2019-05-10,2019-04-28,2019-05-17,['ERCOT'],Algo-detected: congestion_frac ≥ 30%
ERCOT Congestion 2019-05-12,congestion,2019-05-12,2019-05-29,2019-05-05,2019-06-05,['ERCOT'],Algo-detected: congestion_frac ≥ 30%
ERCOT Congestion 2019-05-31,congestion,2019-05-31,2019-06-04,2019-05-24,2019-06-11,['ERCOT'],Algo-detected: congestion_frac ≥ 30%
ERCOT Congestion 2019-06-07,congestion,2019-06-07,2019-06-10,2019-05-31,2019-06-17,['ERCOT'],Algo-detected: congestion_frac ≥ 30%
ERCOT Congestion 2019-06-12,congestion,2019-06-12,2019-07-05,2019-06-05,2019-07-12,['ERCOT'],Algo-detected: congestion_frac ≥ 30%
ERCOT Congestion 2019-07-17,congestion,2019-07-17,2019-07-20,2019-07-10,2019-07-27,['ERCOT'],Algo-detected: congestion_frac ≥ 30%
ERCOT LMP Spike 2019-08-07,lmp_spike,2019-08-07,2019-08-07,2019-07-24,2019-08-21,['ERCOT'],Algo-detected: lmp_max ≥ 462 $/MWh
ERCOT LMP Spike 2019-08-12,lmp_spike,2019-08-12,2019-08-22,2019-07-29,2019-09-05,['ERCOT'],Algo-detected: lmp_max ≥ 462 $/MWh
ERCOT LMP Spike 2019-08-26,lmp_spike,2019-08-26,2019-08-26,2019-08-12,2019-09-09,['ERCOT'],Algo-detected: lmp_max ≥ 462 $/MWh
ERCOT LMP Spike 2019-09-03,lmp_spike,2019-09-03,2019-09-06,2019-08-20,2019-09-20,['ERCOT'],Algo-detected: lmp_max ≥ 462 $/MWh
ERCOT Congestion 2019-09-08,congestion,2019-09-08,2019-09-12,2019-09-01,2019-09-19,['ERCOT'],Algo-detected: congestion_frac ≥ 30%
ERCOT Congestion 2019-09-17,congestion,2019-09-17,2020-01-02,2019-09-10,2020-01-09,['ERCOT'],Algo-detected: congestion_frac ≥ 30%
ERCOT LMP Spike 2019-09-25,lmp_spike,2019-09-25,2019-09-26,2019-09-11,2019-10-10,['ERCOT'],Algo-detected: lmp_max ≥ 462 $/MWh
ERCOT LMP Spike 2019-10-02,lmp_spike,2019-10-02,2019-10-03,2019-09-18,2019-10-17,['ERCOT'],Algo-detected: lmp_max ≥ 462 $/MWh
ERCOT Congestion 2020-01-04,congestion,2020-01-04,2020-04-09,2019-12-28,2020-04-16,['ERCOT'],Algo-detected: congestion_frac ≥ 30%
ERCOT Congestion 2020-04-11,congestion,2020-04-11,2020-04-13,2020-04-04,2020-04-20,['ERCOT'],Algo-detected: congestion_frac ≥ 30%
ERCOT Congestion 2020-04-15,congestion,2020-04-15,2020-04-17,2020-04-08,2020-04-24,['ERCOT'],Algo-detected: congestion_frac ≥ 30%
ERCOT Congestion 2020-04-26,congestion,2020-04-26,2020-05-05,2020-04-19,2020-05-12,['ERCOT'],Algo-detected: congestion_frac ≥ 30%
ERCOT Congestion 2020-05-10,congestion,2020-05-10,2020-05-15,2020-05-03,2020-05-22,['ERCOT'],Algo-detected: congestion_frac ≥ 30%
ERCOT Congestion 2020-06-03,congestion,2020-06-03,2020-06-09,2020-05-27,2020-06-16,['ERCOT'],Algo-detected: congestion_frac ≥ 30%
ERCOT Congestion 2020-06-11,congestion,2020-06-11,2020-06-19,2020-06-04,2020-06-26,['ERCOT'],Algo-detected: congestion_frac ≥ 30%
ERCOT Congestion 2020-06-25,congestion,2020-06-25,2020-07-02,2020-06-18,2020-07-09,['ERCOT'],Algo-detected: congestion_frac ≥ 30%
ERCOT Congestion 2020-07-08,congestion,2020-07-08,2020-07-11,2020-07-01,2020-07-18,['ERCOT'],Algo-detected: congestion_frac ≥ 30%
ERCOT Congestion 2020-07-28,congestion,2020-07-28,2020-08-13,2020-07-21,2020-08-20,['ERCOT'],Algo-detected: congestion_frac ≥ 30%
ERCOT LMP Spike 2020-08-05,lmp_spike,2020-08-05,2020-08-08,2020-07-22,2020-08-22,['ERCOT'],Algo-detected: lmp_max ≥ 462 $/MWh
ERCOT LMP Spike 2020-08-13,lmp_spike,2020-08-13,2020-08-15,2020-07-30,2020-08-29,['ERCOT'],Algo-detected: lmp_max ≥ 462 $/MWh
ERCOT Congestion 2020-08-26,congestion,2020-08-26,2020-08-29,2020-08-19,2020-09-05,['ERCOT'],Algo-detected: congestion_frac ≥ 30%
ERCOT Congestion 2020-09-06,congestion,2020-09-06,2020-09-10,2020-08-30,2020-09-17,['ERCOT'],Algo-detected: congestion_frac ≥ 30%
ERCOT Congestion 2020-09-19,congestion,2020-09-19,2020-09-28,2020-09-12,2020-10-05,['ERCOT'],Algo-detected: congestion_frac ≥ 30%
ERCOT Congestion 2020-09-30,congestion,2020-09-30,2020-10-18,2020-09-23,2020-10-25,['ERCOT'],Algo-detected: congestion_frac ≥ 30%
ERCOT Congestion 2020-10-20,congestion,2020-10-20,2020-10-29,2020-10-13,2020-11-05,['ERCOT'],Algo-detected: congestion_frac ≥ 30%
ERCOT Congestion 2020-11-01,congestion,2020-11-01,2020-11-05,2020-10-25,2020-11-12,['ERCOT'],Algo-detected: congestion_frac ≥ 30%
ERCOT Congestion 2020-11-07,congestion,2020-11-07,2020-12-27,2020-10-31,2021-01-03,['ERCOT'],Algo-detected: congestion_frac ≥ 30%
ERCOT Congestion 2021-01-01,congestion,2021-01-01,2021-01-06,2020-12-25,2021-01-13,['ERCOT'],Algo-detected: congestion_frac ≥ 30%
ERCOT Congestion 2021-01-10,congestion,2021-01-10,2021-01-15,2021-01-03,2021-01-22,['ERCOT'],Algo-detected: congestion_frac ≥ 30%
ERCOT Congestion 2021-01-18,congestion,2021-01-18,2021-01-31,2021-01-11,2021-02-07,['ERCOT'],Algo-detected: congestion_frac ≥ 30%
ERCOT Congestion 2021-02-02,congestion,2021-02-02,2021-02-04,2021-01-26,2021-02-11,['ERCOT'],Algo-detected: congestion_frac ≥ 30%
ERCOT Congestion 2021-02-06,congestion,2021-02-06,2021-02-08,2021-01-30,2021-02-15,['ERCOT'],Algo-detected: congestion_frac ≥ 30%
Winter Storm Uri,cold,2021-02-10,2021-02-20,2021-01-15,2021-03-15,"['ERCOT', 'SPP', 'MISO']","ERCOT near-collapse. Massive LMP spikes. NRG, VST, CNP, AEP most affected."
ERCOT LMP Spike 2021-02-13,lmp_spike,2021-02-13,2021-02-20,2021-01-30,2021-03-06,['ERCOT'],Algo-detected: lmp_max ≥ 462 $/MWh
ERCOT Congestion 2021-03-03,congestion,2021-03-03,2021-03-05,2021-02-24,2021-03-12,['ERCOT'],Algo-detected: congestion_frac ≥ 30%
ERCOT Congestion 2021-03-07,congestion,2021-03-07,2021-03-18,2021-02-28,2021-03-25,['ERCOT'],Algo-detected: congestion_frac ≥ 30%
ERCOT Congestion 2021-03-20,congestion,2021-03-20,2021-04-03,2021-03-13,2021-04-10,['ERCOT'],Algo-detected: congestion_frac ≥ 30%
ERCOT Congestion 2021-04-05,congestion,2021-04-05,2021-04-13,2021-03-29,2021-04-20,['ERCOT'],Algo-detected: congestion_frac ≥ 30%
ERCOT Congestion 2021-04-20,congestion,2021-04-20,2021-05-12,2021-04-13,2021-05-19,['ERCOT'],Algo-detected: congestion_frac ≥ 30%
ERCOT Congestion 2021-05-21,congestion,2021-05-21,2021-05-23,2021-05-14,2021-05-30,['ERCOT'],Algo-detected: congestion_frac ≥ 30%
ERCOT LMP Spike 2021-06-15,lmp_spike,2021-06-15,2021-06-16,2021-06-01,2021-06-30,['ERCOT'],Algo-detected: lmp_max ≥ 462 $/MWh
ERCOT Congestion 2021-06-23,congestion,2021-06-23,2021-06-25,2021-06-16,2021-07-02,['ERCOT'],Algo-detected: congestion_frac ≥ 30%
ERCOT Congestion 2021-08-07,congestion,2021-08-07,2021-08-11,2021-07-31,2021-08-18,['ERCOT'],Algo-detected: congestion_frac ≥ 30%
ERCOT Congestion 2021-08-23,congestion,2021-08-23,2021-08-25,2021-08-16,2021-09-01,['ERCOT'],Algo-detected: congestion_frac ≥ 30%
Hurricane Ida,hurricane,2021-08-29,2021-09-05,2021-07-01,2021-10-01,['MISO'],Cat 4 landfall Louisiana. Entergy Louisiana ~900k outages.
ERCOT Congestion 2021-10-08,congestion,2021-10-08,2021-10-13,2021-10-01,2021-10-20,['ERCOT'],Algo-detected: congestion_frac ≥ 30%
ERCOT Congestion 2021-10-18,congestion,2021-10-18,2021-10-20,2021-10-11,2021-10-27,['ERCOT'],Algo-detected: congestion_frac ≥ 30%
ERCOT LMP Spike 2021-10-21,lmp_spike,2021-10-21,2021-10-21,2021-10-07,2021-11-04,['ERCOT'],Algo-detected: lmp_max ≥ 462 $/MWh
ERCOT Congestion 2021-10-26,congestion,2021-10-26,2021-10-29,2021-10-19,2021-11-05,['ERCOT'],Algo-detected: congestion_frac ≥ 30%
ERCOT Congestion 2021-11-02,congestion,2021-11-02,2021-11-21,2021-10-26,2021-11-28,['ERCOT'],Algo-detected: congestion_frac ≥ 30%
ERCOT Congestion 2021-11-23,congestion,2021-11-23,2021-11-25,2021-11-16,2021-12-02,['ERCOT'],Algo-detected: congestion_frac ≥ 30%
ERCOT Congestion 2021-12-05,congestion,2021-12-05,2021-12-07,2021-11-28,2021-12-14,['ERCOT'],Algo-detected: congestion_frac ≥ 30%
ERCOT Congestion 2021-12-09,congestion,2021-12-09,2021-12-18,2021-12-02,2021-12-25,['ERCOT'],Algo-detected: congestion_frac ≥ 30%
ERCOT Congestion 2021-12-24,congestion,2021-12-24,2021-12-26,2021-12-17,2022-01-02,['ERCOT'],Algo-detected: congestion_frac ≥ 30%
ERCOT Congestion 2022-01-06,congestion,2022-01-06,2022-01-09,2021-12-30,2022-01-16,['ERCOT'],Algo-detected: congestion_frac ≥ 30%
ERCOT Congestion 2022-01-18,congestion,2022-01-18,2022-01-21,2022-01-11,2022-01-28,['ERCOT'],Algo-detected: congestion_frac ≥ 30%
ERCOT Congestion 2022-02-01,congestion,2022-02-01,2022-02-04,2022-01-25,2022-02-11,['ERCOT'],Algo-detected: congestion_frac ≥ 30%
ERCOT LMP Spike 2022-02-04,lmp_spike,2022-02-04,2022-02-04,2022-01-21,2022-02-18,['ERCOT'],Algo-detected: lmp_max ≥ 462 $/MWh
ERCOT Congestion 2022-02-14,congestion,2022-02-14,2022-02-18,2022-02-07,2022-02-25,['ERCOT'],Algo-detected: congestion_frac ≥ 30%
ERCOT Congestion 2022-02-20,congestion,2022-02-20,2022-02-23,2022-02-13,2022-03-02,['ERCOT'],Algo-detected: congestion_frac ≥ 30%
ERCOT West Texas Congestion,congestion,2022-03-01,2022-03-31,2021-01-01,2023-12-31,['ERCOT'],Chronic west-to-east congestion from wind buildout exceeding transmission.
ERCOT Congestion 2022-03-04,congestion,2022-03-04,2022-03-07,2022-02-25,2022-03-14,['ERCOT'],Algo-detected: congestion_frac ≥ 30%
ERCOT Congestion 2022-03-09,congestion,2022-03-09,2022-03-14,2022-03-02,2022-03-21,['ERCOT'],Algo-detected: congestion_frac ≥ 30%
ERCOT Congestion 2022-03-16,congestion,2022-03-16,2022-04-01,2022-03-09,2022-04-08,['ERCOT'],Algo-detected: congestion_frac ≥ 30%
ERCOT Congestion 2022-04-05,congestion,2022-04-05,2022-04-07,2022-03-29,2022-04-14,['ERCOT'],Algo-detected: congestion_frac ≥ 30%
ERCOT Congestion 2022-04-09,congestion,2022-04-09,2022-04-15,2022-04-02,2022-04-22,['ERCOT'],Algo-detected: congestion_frac ≥ 30%
ERCOT Congestion 2022-04-17,congestion,2022-04-17,2022-05-05,2022-04-10,2022-05-12,['ERCOT'],Algo-detected: congestion_frac ≥ 30%
ERCOT Congestion 2022-05-07,congestion,2022-05-07,2022-05-13,2022-04-30,2022-05-20,['ERCOT'],Algo-detected: congestion_frac ≥ 30%
ERCOT LMP Spike 2022-05-07,lmp_spike,2022-05-07,2022-05-07,2022-04-23,2022-05-21,['ERCOT'],Algo-detected: lmp_max ≥ 462 $/MWh
ERCOT LMP Spike 2022-05-12,lmp_spike,2022-05-12,2022-05-16,2022-04-28,2022-05-30,['ERCOT'],Algo-detected: lmp_max ≥ 462 $/MWh
ERCOT Congestion 2022-05-16,congestion,2022-05-16,2022-05-23,2022-05-09,2022-05-30,['ERCOT'],Algo-detected: congestion_frac ≥ 30%
ERCOT Congestion 2022-05-27,congestion,2022-05-27,2022-06-02,2022-05-20,2022-06-09,['ERCOT'],Algo-detected: congestion_frac ≥ 30%
ERCOT Congestion 2022-06-12,congestion,2022-06-12,2022-06-17,2022-06-05,2022-06-24,['ERCOT'],Algo-detected: congestion_frac ≥ 30%
ERCOT LMP Spike 2022-06-23,lmp_spike,2022-06-23,2022-06-23,2022-06-09,2022-07-07,['ERCOT'],Algo-detected: lmp_max ≥ 462 $/MWh
ERCOT LMP Spike 2022-07-08,lmp_spike,2022-07-08,2022-07-20,2022-06-24,2022-08-03,['ERCOT'],Algo-detected: lmp_max ≥ 462 $/MWh
ERCOT Congestion 2022-08-01,congestion,2022-08-01,2022-08-04,2022-07-25,2022-08-11,['ERCOT'],Algo-detected: congestion_frac ≥ 30%
ERCOT LMP Spike 2022-08-04,lmp_spike,2022-08-04,2022-08-04,2022-07-21,2022-08-18,['ERCOT'],Algo-detected: lmp_max ≥ 462 $/MWh
ERCOT LMP Spike 2022-08-10,lmp_spike,2022-08-10,2022-08-10,2022-07-27,2022-08-24,['ERCOT'],Algo-detected: lmp_max ≥ 462 $/MWh
ERCOT LMP Spike 2022-08-17,lmp_spike,2022-08-17,2022-08-18,2022-08-03,2022-09-01,['ERCOT'],Algo-detected: lmp_max ≥ 462 $/MWh
California Heat Dome,heat,2022-09-05,2022-09-09,2022-08-01,2022-10-01,['CAISO'],"CAISO Flex Alert x7 days. SP15 LMPs >$2,000. Relevant for PCG, EIX."
ERCOT Congestion 2022-09-17,congestion,2022-09-17,2022-09-20,2022-09-10,2022-09-27,['ERCOT'],Algo-detected: congestion_frac ≥ 30%
ERCOT Congestion 2022-09-30,congestion,2022-09-30,2022-10-04,2022-09-23,2022-10-11,['ERCOT'],Algo-detected: congestion_frac ≥ 30%
ERCOT Congestion 2022-10-20,congestion,2022-10-20,2022-10-28,2022-10-13,2022-11-04,['ERCOT'],Algo-detected: congestion_frac ≥ 30%
ERCOT Congestion 2022-11-01,congestion,2022-11-01,2022-11-06,2022-10-25,2022-11-13,['ERCOT'],Algo-detected: congestion_frac ≥ 30%
ERCOT Congestion 2022-11-08,congestion,2022-11-08,2022-11-14,2022-11-01,2022-11-21,['ERCOT'],Algo-detected: congestion_frac ≥ 30%
ERCOT LMP Spike 2022-11-10,lmp_spike,2022-11-10,2022-11-10,2022-10-27,2022-11-24,['ERCOT'],Algo-detected: lmp_max ≥ 462 $/MWh
ERCOT Congestion 2022-11-17,congestion,2022-11-17,2022-11-20,2022-11-10,2022-11-27,['ERCOT'],Algo-detected: congestion_frac ≥ 30%
ERCOT Congestion 2022-11-23,congestion,2022-11-23,2022-11-26,2022-11-16,2022-12-03,['ERCOT'],Algo-detected: congestion_frac ≥ 30%
ERCOT Congestion 2022-11-28,congestion,2022-11-28,2022-12-08,2022-11-21,2022-12-15,['ERCOT'],Algo-detected: congestion_frac ≥ 30%
ERCOT Congestion 2022-12-11,congestion,2022-12-11,2022-12-14,2022-12-04,2022-12-21,['ERCOT'],Algo-detected: congestion_frac ≥ 30%
ERCOT Congestion 2022-12-17,congestion,2022-12-17,2022-12-23,2022-12-10,2022-12-30,['ERCOT'],Algo-detected: congestion_frac ≥ 30%
ISO-NE Winter Storm Elliott,cold,2022-12-22,2022-12-26,2022-11-01,2023-03-01,"['ISO-NE', 'PJM']",Bomb cyclone. Gas supply stress. Relevant for ES.
ERCOT LMP Spike 2022-12-23,lmp_spike,2022-12-23,2022-12-25,2022-12-09,2023-01-08,['ERCOT'],Algo-detected: lmp_max ≥ 462 $/MWh
ERCOT Congestion 2022-12-27,congestion,2022-12-27,2022-12-29,2022-12-20,2023-01-05,['ERCOT'],Algo-detected: congestion_frac ≥ 30%
ERCOT Congestion 2022-12-31,congestion,2022-12-31,2023-02-01,2022-12-24,2023-02-08,['ERCOT'],Algo-detected: congestion_frac ≥ 30%
MISO Congestion 2023-01-11,congestion,2023-01-11,2023-01-20,2023-01-04,2023-01-27,['MISO'],Algo-detected: congestion_frac ≥ 30%
MISO Congestion 2023-01-25,congestion,2023-01-25,2023-01-28,2023-01-18,2023-02-04,['MISO'],Algo-detected: congestion_frac ≥ 30%
MISO Congestion 2023-02-01,congestion,2023-02-01,2023-02-27,2023-01-25,2023-03-06,['MISO'],Algo-detected: congestion_frac ≥ 30%
ERCOT Congestion 2023-02-06,congestion,2023-02-06,2023-05-15,2023-01-30,2023-05-22,['ERCOT'],Algo-detected: congestion_frac ≥ 30%
CAISO LMP Spike 2023-02-24,lmp_spike,2023-02-24,2023-02-24,2023-02-10,2023-03-10,['CAISO'],Algo-detected: lmp_max ≥ 176 $/MWh
CAISO LMP Spike 2023-02-27,lmp_spike,2023-02-27,2023-02-27,2023-02-13,2023-03-13,['CAISO'],Algo-detected: lmp_max ≥ 176 $/MWh
MISO Congestion 2023-03-01,congestion,2023-03-01,2023-03-03,2023-02-22,2023-03-10,['MISO'],Algo-detected: congestion_frac ≥ 30%
MISO Congestion 2023-03-05,congestion,2023-03-05,2023-03-26,2023-02-26,2023-04-02,['MISO'],Algo-detected: congestion_frac ≥ 30%
CAISO Congestion 2023-03-07,congestion,2023-03-07,2023-03-09,2023-02-28,2023-03-16,['CAISO'],Algo-detected: congestion_frac ≥ 30%
CAISO Congestion 2023-03-23,congestion,2023-03-23,2023-03-25,2023-03-16,2023-04-01,['CAISO'],Algo-detected: congestion_frac ≥ 30%
MISO Congestion 2023-03-28,congestion,2023-03-28,2023-03-30,2023-03-21,2023-04-06,['MISO'],Algo-detected: congestion_frac ≥ 30%
CAISO Congestion 2023-04-01,congestion,2023-04-01,2023-04-11,2023-03-25,2023-04-18,['CAISO'],Algo-detected: congestion_frac ≥ 30%
MISO Congestion 2023-04-01,congestion,2023-04-01,2023-04-22,2023-03-25,2023-04-29,['MISO'],Algo-detected: congestion_frac ≥ 30%
MISO LMP Spike 2023-04-12,lmp_spike,2023-04-12,2023-04-12,2023-03-29,2023-04-26,['MISO'],Algo-detected: lmp_max ≥ 421 $/MWh
CAISO Congestion 2023-04-13,congestion,2023-04-13,2023-04-15,2023-04-06,2023-04-22,['CAISO'],Algo-detected: congestion_frac ≥ 30%
CAISO Congestion 2023-04-17,congestion,2023-04-17,2023-04-20,2023-04-10,2023-04-27,['CAISO'],Algo-detected: congestion_frac ≥ 30%
MISO Congestion 2023-04-26,congestion,2023-04-26,2023-04-29,2023-04-19,2023-05-06,['MISO'],Algo-detected: congestion_frac ≥ 30%
CAISO LMP Spike 2023-04-26,lmp_spike,2023-04-26,2023-04-27,2023-04-12,2023-05-11,['CAISO'],Algo-detected: lmp_max ≥ 176 $/MWh
MISO Congestion 2023-05-04,congestion,2023-05-04,2023-05-07,2023-04-27,2023-05-14,['MISO'],Algo-detected: congestion_frac ≥ 30%
CAISO Congestion 2023-05-08,congestion,2023-05-08,2023-05-10,2023-05-01,2023-05-17,['CAISO'],Algo-detected: congestion_frac ≥ 30%
MISO Congestion 2023-05-09,congestion,2023-05-09,2023-05-14,2023-05-02,2023-05-21,['MISO'],Algo-detected: congestion_frac ≥ 30%
MISO Congestion 2023-05-16,congestion,2023-05-16,2023-05-19,2023-05-09,2023-05-26,['MISO'],Algo-detected: congestion_frac ≥ 30%
MISO Congestion 2023-05-21,congestion,2023-05-21,2023-05-30,2023-05-14,2023-06-06,['MISO'],Algo-detected: congestion_frac ≥ 30%
CAISO Congestion 2023-05-24,congestion,2023-05-24,2023-05-26,2023-05-17,2023-06-02,['CAISO'],Algo-detected: congestion_frac ≥ 30%
MISO LMP Spike 2023-06-02,lmp_spike,2023-06-02,2023-06-02,2023-05-19,2023-06-16,['MISO'],Algo-detected: lmp_max ≥ 421 $/MWh
MISO Congestion 2023-06-04,congestion,2023-06-04,2023-06-11,2023-05-28,2023-06-18,['MISO'],Algo-detected: congestion_frac ≥ 30%
MISO LMP Spike 2023-06-06,lmp_spike,2023-06-06,2023-06-06,2023-05-23,2023-06-20,['MISO'],Algo-detected: lmp_max ≥ 421 $/MWh
ERCOT Congestion 2023-06-12,congestion,2023-06-12,2023-06-17,2023-06-05,2023-06-24,['ERCOT'],Algo-detected: congestion_frac ≥ 30%
MISO Congestion 2023-06-13,congestion,2023-06-13,2023-06-16,2023-06-06,2023-06-23,['MISO'],Algo-detected: congestion_frac ≥ 30%
MISO LMP Spike 2023-06-14,lmp_spike,2023-06-14,2023-06-14,2023-05-31,2023-06-28,['MISO'],Algo-detected: lmp_max ≥ 421 $/MWh
ERCOT Heat Emergency Jun 2023,heat,2023-06-15,2023-06-28,2023-05-01,2023-08-01,['ERCOT'],"Multiple ERCOT conservation notices. HB_NORTH spiked above $5,000/MWh."
CAISO Congestion 2023-06-17,congestion,2023-06-17,2023-06-26,2023-06-10,2023-07-03,['CAISO'],Algo-detected: congestion_frac ≥ 30%
MISO Congestion 2023-06-18,congestion,2023-06-18,2023-06-21,2023-06-11,2023-06-28,['MISO'],Algo-detected: congestion_frac ≥ 30%
ERCOT LMP Spike 2023-06-19,lmp_spike,2023-06-19,2023-06-21,2023-06-05,2023-07-05,['ERCOT'],Algo-detected: lmp_max ≥ 462 $/MWh
ERCOT Congestion 2023-06-22,congestion,2023-06-22,2023-06-25,2023-06-15,2023-07-02,['ERCOT'],Algo-detected: congestion_frac ≥ 30%
MISO Congestion 2023-06-24,congestion,2023-06-24,2023-06-27,2023-06-17,2023-07-04,['MISO'],Algo-detected: congestion_frac ≥ 30%
ERCOT LMP Spike 2023-06-25,lmp_spike,2023-06-25,2023-06-27,2023-06-11,2023-07-11,['ERCOT'],Algo-detected: lmp_max ≥ 462 $/MWh
ERCOT Congestion 2023-06-27,congestion,2023-06-27,2023-06-30,2023-06-20,2023-07-07,['ERCOT'],Algo-detected: congestion_frac ≥ 30%
MISO LMP Spike 2023-06-29,lmp_spike,2023-06-29,2023-06-29,2023-06-15,2023-07-13,['MISO'],Algo-detected: lmp_max ≥ 421 $/MWh
MISO LMP Spike 2023-07-02,lmp_spike,2023-07-02,2023-07-03,2023-06-18,2023-07-17,['MISO'],Algo-detected: lmp_max ≥ 421 $/MWh
MISO Congestion 2023-07-03,congestion,2023-07-03,2023-07-05,2023-06-26,2023-07-12,['MISO'],Algo-detected: congestion_frac ≥ 30%
ERCOT Congestion 2023-07-12,congestion,2023-07-12,2023-07-16,2023-07-05,2023-07-23,['ERCOT'],Algo-detected: congestion_frac ≥ 30%
MISO Congestion 2023-07-14,congestion,2023-07-14,2023-07-16,2023-07-07,2023-07-23,['MISO'],Algo-detected: congestion_frac ≥ 30%
CAISO LMP Spike 2023-07-15,lmp_spike,2023-07-15,2023-08-01,2023-07-01,2023-08-15,['CAISO'],Algo-detected: lmp_max ≥ 176 $/MWh
MISO Congestion 2023-07-19,congestion,2023-07-19,2023-07-21,2023-07-12,2023-07-28,['MISO'],Algo-detected: congestion_frac ≥ 30%
ERCOT LMP Spike 2023-07-21,lmp_spike,2023-07-21,2023-07-21,2023-07-07,2023-08-04,['ERCOT'],Algo-detected: lmp_max ≥ 462 $/MWh
ERCOT Congestion 2023-07-24,congestion,2023-07-24,2023-07-28,2023-07-17,2023-08-04,['ERCOT'],Algo-detected: congestion_frac ≥ 30%
MISO LMP Spike 2023-07-25,lmp_spike,2023-07-25,2023-07-28,2023-07-11,2023-08-11,['MISO'],Algo-detected: lmp_max ≥ 421 $/MWh
MISO Congestion 2023-07-26,congestion,2023-07-26,2023-07-30,2023-07-19,2023-08-06,['MISO'],Algo-detected: congestion_frac ≥ 30%
ERCOT LMP Spike 2023-07-31,lmp_spike,2023-07-31,2023-08-01,2023-07-17,2023-08-15,['ERCOT'],Algo-detected: lmp_max ≥ 462 $/MWh
ERCOT Congestion 2023-08-01,congestion,2023-08-01,2023-08-03,2023-07-25,2023-08-10,['ERCOT'],Algo-detected: congestion_frac ≥ 30%
MISO LMP Spike 2023-08-03,lmp_spike,2023-08-03,2023-08-03,2023-07-20,2023-08-17,['MISO'],Algo-detected: lmp_max ≥ 421 $/MWh
MISO Congestion 2023-08-03,congestion,2023-08-03,2023-08-06,2023-07-27,2023-08-13,['MISO'],Algo-detected: congestion_frac ≥ 30%
ERCOT LMP Spike 2023-08-05,lmp_spike,2023-08-05,2023-09-01,2023-07-22,2023-09-15,['ERCOT'],Algo-detected: lmp_max ≥ 462 $/MWh
CAISO LMP Spike 2023-08-07,lmp_spike,2023-08-07,2023-08-07,2023-07-24,2023-08-21,['CAISO'],Algo-detected: lmp_max ≥ 176 $/MWh
ERCOT Congestion 2023-08-08,congestion,2023-08-08,2023-08-14,2023-08-01,2023-08-21,['ERCOT'],Algo-detected: congestion_frac ≥ 30%
CAISO LMP Spike 2023-08-14,lmp_spike,2023-08-14,2023-08-17,2023-07-31,2023-08-31,['CAISO'],Algo-detected: lmp_max ≥ 176 $/MWh
MISO Congestion 2023-08-16,congestion,2023-08-16,2023-08-23,2023-08-09,2023-08-30,['MISO'],Algo-detected: congestion_frac ≥ 30%
MISO LMP Spike 2023-08-19,lmp_spike,2023-08-19,2023-08-19,2023-08-05,2023-09-02,['MISO'],Algo-detected: lmp_max ≥ 421 $/MWh
ERCOT Congestion 2023-08-27,congestion,2023-08-27,2023-09-08,2023-08-20,2023-09-15,['ERCOT'],Algo-detected: congestion_frac ≥ 30%
CAISO LMP Spike 2023-08-28,lmp_spike,2023-08-28,2023-08-30,2023-08-14,2023-09-13,['CAISO'],Algo-detected: lmp_max ≥ 176 $/MWh
MISO Congestion 2023-09-01,congestion,2023-09-01,2023-09-06,2023-08-25,2023-09-13,['MISO'],Algo-detected: congestion_frac ≥ 30%
ERCOT LMP Spike 2023-09-06,lmp_spike,2023-09-06,2023-09-09,2023-08-23,2023-09-23,['ERCOT'],Algo-detected: lmp_max ≥ 462 $/MWh
ERCOT Congestion 2023-09-13,congestion,2023-09-13,2023-09-20,2023-09-06,2023-09-27,['ERCOT'],Algo-detected: congestion_frac ≥ 30%
MISO Congestion 2023-09-14,congestion,2023-09-14,2023-09-24,2023-09-07,2023-10-01,['MISO'],Algo-detected: congestion_frac ≥ 30%
ERCOT LMP Spike 2023-09-20,lmp_spike,2023-09-20,2023-09-20,2023-09-06,2023-10-04,['ERCOT'],Algo-detected: lmp_max ≥ 462 $/MWh
ERCOT Congestion 2023-09-22,congestion,2023-09-22,2023-11-03,2023-09-15,2023-11-10,['ERCOT'],Algo-detected: congestion_frac ≥ 30%
ERCOT LMP Spike 2023-09-27,lmp_spike,2023-09-27,2023-09-27,2023-09-13,2023-10-11,['ERCOT'],Algo-detected: lmp_max ≥ 462 $/MWh
MISO Congestion 2023-10-01,congestion,2023-10-01,2023-10-07,2023-09-24,2023-10-14,['MISO'],Algo-detected: congestion_frac ≥ 30%
CAISO LMP Spike 2023-10-06,lmp_spike,2023-10-06,2023-10-06,2023-09-22,2023-10-20,['CAISO'],Algo-detected: lmp_max ≥ 176 $/MWh
MISO Congestion 2023-10-11,congestion,2023-10-11,2023-10-14,2023-10-04,2023-10-21,['MISO'],Algo-detected: congestion_frac ≥ 30%
MISO Congestion 2023-10-16,congestion,2023-10-16,2023-10-27,2023-10-09,2023-11-03,['MISO'],Algo-detected: congestion_frac ≥ 30%
CAISO LMP Spike 2023-10-18,lmp_spike,2023-10-18,2023-10-20,2023-10-04,2023-11-03,['CAISO'],Algo-detected: lmp_max ≥ 176 $/MWh
ERCOT LMP Spike 2023-10-19,lmp_spike,2023-10-19,2023-10-20,2023-10-05,2023-11-03,['ERCOT'],Algo-detected: lmp_max ≥ 462 $/MWh
MISO LMP Spike 2023-11-01,lmp_spike,2023-11-01,2023-11-03,2023-10-18,2023-11-17,['MISO'],Algo-detected: lmp_max ≥ 421 $/MWh
MISO Congestion 2023-11-01,congestion,2023-11-01,2023-11-17,2023-10-25,2023-11-24,['MISO'],Algo-detected: congestion_frac ≥ 30%
ERCOT Congestion 2023-11-05,congestion,2023-11-05,2023-11-24,2023-10-29,2023-12-01,['ERCOT'],Algo-detected: congestion_frac ≥ 30%
CAISO Congestion 2023-11-07,congestion,2023-11-07,2023-11-09,2023-10-31,2023-11-16,['CAISO'],Algo-detected: congestion_frac ≥ 30%
ERCOT LMP Spike 2023-11-08,lmp_spike,2023-11-08,2023-11-08,2023-10-25,2023-11-22,['ERCOT'],Algo-detected: lmp_max ≥ 462 $/MWh
MISO LMP Spike 2023-11-09,lmp_spike,2023-11-09,2023-11-14,2023-10-26,2023-11-28,['MISO'],Algo-detected: lmp_max ≥ 421 $/MWh
MISO Congestion 2023-11-19,congestion,2023-11-19,2023-11-24,2023-11-12,2023-12-01,['MISO'],Algo-detected: congestion_frac ≥ 30%
CAISO Congestion 2023-11-23,congestion,2023-11-23,2023-11-25,2023-11-16,2023-12-02,['CAISO'],Algo-detected: congestion_frac ≥ 30%
MISO Congestion 2023-11-26,congestion,2023-11-26,2023-11-29,2023-11-19,2023-12-06,['MISO'],Algo-detected: congestion_frac ≥ 30%
ERCOT Congestion 2023-11-26,congestion,2023-11-26,2023-12-25,2023-11-19,2024-01-01,['ERCOT'],Algo-detected: congestion_frac ≥ 30%
MISO Congestion 2023-12-04,congestion,2023-12-04,2023-12-15,2023-11-27,2023-12-22,['MISO'],Algo-detected: congestion_frac ≥ 30%
CAISO Congestion 2023-12-05,congestion,2023-12-05,2023-12-09,2023-11-28,2023-12-16,['CAISO'],Algo-detected: congestion_frac ≥ 30%
MISO Congestion 2023-12-17,congestion,2023-12-17,2023-12-19,2023-12-10,2023-12-26,['MISO'],Algo-detected: congestion_frac ≥ 30%
MISO Congestion 2023-12-23,congestion,2023-12-23,2023-12-26,2023-12-16,2024-01-02,['MISO'],Algo-detected: congestion_frac ≥ 30%
ERCOT Congestion 2023-12-27,congestion,2023-12-27,2024-01-04,2023-12-20,2024-01-11,['ERCOT'],Algo-detected: congestion_frac ≥ 30%
ERCOT Congestion 2024-01-06,congestion,2024-01-06,2024-01-25,2023-12-30,2024-02-01,['ERCOT'],Algo-detected: congestion_frac ≥ 30%
MISO Congestion 2024-01-08,congestion,2024-01-08,2024-01-15,2024-01-01,2024-01-22,['MISO'],Algo-detected: congestion_frac ≥ 30%
CAISO LMP Spike 2024-01-13,lmp_spike,2024-01-13,2024-01-16,2023-12-30,2024-01-30,['CAISO'],Algo-detected: lmp_max ≥ 176 $/MWh
ERCOT LMP Spike 2024-01-15,lmp_spike,2024-01-15,2024-01-16,2024-01-01,2024-01-30,['ERCOT'],Algo-detected: lmp_max ≥ 462 $/MWh
MISO LMP Spike 2024-01-16,lmp_spike,2024-01-16,2024-01-17,2024-01-02,2024-01-31,['MISO'],Algo-detected: lmp_max ≥ 421 $/MWh
MISO Congestion 2024-01-17,congestion,2024-01-17,2024-01-22,2024-01-10,2024-01-29,['MISO'],Algo-detected: congestion_frac ≥ 30%
MISO Congestion 2024-01-28,congestion,2024-01-28,2024-01-30,2024-01-21,2024-02-06,['MISO'],Algo-detected: congestion_frac ≥ 30%
ERCOT Congestion 2024-01-30,congestion,2024-01-30,2024-05-16,2024-01-23,2024-05-23,['ERCOT'],Algo-detected: congestion_frac ≥ 30%
MISO Congestion 2024-02-01,congestion,2024-02-01,2024-02-03,2024-01-25,2024-02-10,['MISO'],Algo-detected: congestion_frac ≥ 30%
MISO Congestion 2024-02-06,congestion,2024-02-06,2024-02-10,2024-01-30,2024-02-17,['MISO'],Algo-detected: congestion_frac ≥ 30%
CAISO Congestion 2024-02-08,congestion,2024-02-08,2024-02-18,2024-02-01,2024-02-25,['CAISO'],Algo-detected: congestion_frac ≥ 30%
MISO Congestion 2024-02-12,congestion,2024-02-12,2024-02-28,2024-02-05,2024-03-06,['MISO'],Algo-detected: congestion_frac ≥ 30%
CAISO Congestion 2024-02-21,congestion,2024-02-21,2024-02-24,2024-02-14,2024-03-02,['CAISO'],Algo-detected: congestion_frac ≥ 30%
MISO Congestion 2024-03-01,congestion,2024-03-01,2024-03-08,2024-02-23,2024-03-15,['MISO'],Algo-detected: congestion_frac ≥ 30%
CAISO Congestion 2024-03-01,congestion,2024-03-01,2024-03-30,2024-02-23,2024-04-06,['CAISO'],Algo-detected: congestion_frac ≥ 30%
MISO Congestion 2024-03-10,congestion,2024-03-10,2024-03-30,2024-03-03,2024-04-06,['MISO'],Algo-detected: congestion_frac ≥ 30%
CAISO Congestion 2024-04-01,congestion,2024-04-01,2024-04-29,2024-03-25,2024-05-06,['CAISO'],Algo-detected: congestion_frac ≥ 30%
MISO Congestion 2024-04-01,congestion,2024-04-01,2024-04-29,2024-03-25,2024-05-06,['MISO'],Algo-detected: congestion_frac ≥ 30%
MISO LMP Spike 2024-04-06,lmp_spike,2024-04-06,2024-04-06,2024-03-23,2024-04-20,['MISO'],Algo-detected: lmp_max ≥ 421 $/MWh
ERCOT LMP Spike 2024-04-29,lmp_spike,2024-04-29,2024-04-29,2024-04-15,2024-05-13,['ERCOT'],Algo-detected: lmp_max ≥ 462 $/MWh
MISO Congestion 2024-05-01,congestion,2024-05-01,2024-05-13,2024-04-24,2024-05-20,['MISO'],Algo-detected: congestion_frac ≥ 30%
CAISO Congestion 2024-05-01,congestion,2024-05-01,2024-05-17,2024-04-24,2024-05-24,['CAISO'],Algo-detected: congestion_frac ≥ 30%
ERCOT LMP Spike 2024-05-03,lmp_spike,2024-05-03,2024-05-03,2024-04-19,2024-05-17,['ERCOT'],Algo-detected: lmp_max ≥ 462 $/MWh
ERCOT LMP Spike 2024-05-08,lmp_spike,2024-05-08,2024-05-09,2024-04-24,2024-05-23,['ERCOT'],Algo-detected: lmp_max ≥ 462 $/MWh
ERCOT LMP Spike 2024-05-15,lmp_spike,2024-05-15,2024-05-15,2024-05-01,2024-05-29,['ERCOT'],Algo-detected: lmp_max ≥ 462 $/MWh
MISO Congestion 2024-05-17,congestion,2024-05-17,2024-05-30,2024-05-10,2024-06-06,['MISO'],Algo-detected: congestion_frac ≥ 30%
ERCOT Congestion 2024-05-18,congestion,2024-05-18,2024-06-20,2024-05-11,2024-06-27,['ERCOT'],Algo-detected: congestion_frac ≥ 30%
ERCOT LMP Spike 2024-05-18,lmp_spike,2024-05-18,2024-05-18,2024-05-04,2024-06-01,['ERCOT'],Algo-detected: lmp_max ≥ 462 $/MWh
CAISO Congestion 2024-05-19,congestion,2024-05-19,2024-05-23,2024-05-12,2024-05-30,['CAISO'],Algo-detected: congestion_frac ≥ 30%
MISO LMP Spike 2024-05-19,lmp_spike,2024-05-19,2024-05-20,2024-05-05,2024-06-03,['MISO'],Algo-detected: lmp_max ≥ 421 $/MWh
CAISO Congestion 2024-05-25,congestion,2024-05-25,2024-05-30,2024-05-18,2024-06-06,['CAISO'],Algo-detected: congestion_frac ≥ 30%
ERCOT LMP Spike 2024-05-25,lmp_spike,2024-05-25,2024-05-27,2024-05-11,2024-06-10,['ERCOT'],Algo-detected: lmp_max ≥ 462 $/MWh
MISO Congestion 2024-06-01,congestion,2024-06-01,2024-06-07,2024-05-25,2024-06-14,['MISO'],Algo-detected: congestion_frac ≥ 30%
CAISO Congestion 2024-06-01,congestion,2024-06-01,2024-06-05,2024-05-25,2024-06-12,['CAISO'],Algo-detected: congestion_frac ≥ 30%
CAISO Congestion 2024-06-08,congestion,2024-06-08,2024-06-10,2024-06-01,2024-06-17,['CAISO'],Algo-detected: congestion_frac ≥ 30%
MISO Congestion 2024-06-09,congestion,2024-06-09,2024-06-13,2024-06-02,2024-06-20,['MISO'],Algo-detected: congestion_frac ≥ 30%
MISO Congestion 2024-06-15,congestion,2024-06-15,2024-06-18,2024-06-08,2024-06-25,['MISO'],Algo-detected: congestion_frac ≥ 30%
CAISO Congestion 2024-06-16,congestion,2024-06-16,2024-06-20,2024-06-09,2024-06-27,['CAISO'],Algo-detected: congestion_frac ≥ 30%
ERCOT Congestion 2024-06-27,congestion,2024-06-27,2024-06-29,2024-06-20,2024-07-06,['ERCOT'],Algo-detected: congestion_frac ≥ 30%
MISO Congestion 2024-06-27,congestion,2024-06-27,2024-06-29,2024-06-20,2024-07-06,['MISO'],Algo-detected: congestion_frac ≥ 30%
ERCOT Congestion 2024-07-01,congestion,2024-07-01,2024-07-03,2024-06-24,2024-07-10,['ERCOT'],Algo-detected: congestion_frac ≥ 30%
MISO Congestion 2024-07-01,congestion,2024-07-01,2024-07-03,2024-06-24,2024-07-10,['MISO'],Algo-detected: congestion_frac ≥ 30%
ERCOT Congestion 2024-07-05,congestion,2024-07-05,2024-07-13,2024-06-28,2024-07-20,['ERCOT'],Algo-detected: congestion_frac ≥ 30%
CAISO LMP Spike 2024-07-09,lmp_spike,2024-07-09,2024-07-12,2024-06-25,2024-07-26,['CAISO'],Algo-detected: lmp_max ≥ 176 $/MWh
ERCOT Congestion 2024-07-18,congestion,2024-07-18,2024-08-01,2024-07-11,2024-08-08,['ERCOT'],Algo-detected: congestion_frac ≥ 30%
CAISO LMP Spike 2024-07-23,lmp_spike,2024-07-23,2024-07-25,2024-07-09,2024-08-08,['CAISO'],Algo-detected: lmp_max ≥ 176 $/MWh
MISO Congestion 2024-07-25,congestion,2024-07-25,2024-07-29,2024-07-18,2024-08-05,['MISO'],Algo-detected: congestion_frac ≥ 30%
ERCOT Congestion 2024-08-03,congestion,2024-08-03,2024-08-15,2024-07-27,2024-08-22,['ERCOT'],Algo-detected: congestion_frac ≥ 30%
ERCOT LMP Spike 2024-08-03,lmp_spike,2024-08-03,2024-08-03,2024-07-20,2024-08-17,['ERCOT'],Algo-detected: lmp_max ≥ 462 $/MWh
MISO Congestion 2024-08-03,congestion,2024-08-03,2024-08-09,2024-07-27,2024-08-16,['MISO'],Algo-detected: congestion_frac ≥ 30%
ERCOT LMP Spike 2024-08-07,lmp_spike,2024-08-07,2024-08-07,2024-07-24,2024-08-21,['ERCOT'],Algo-detected: lmp_max ≥ 462 $/MWh
MISO Congestion 2024-08-13,congestion,2024-08-13,2024-08-16,2024-08-06,2024-08-23,['MISO'],Algo-detected: congestion_frac ≥ 30%
ERCOT Congestion 2024-08-17,congestion,2024-08-17,2024-09-13,2024-08-10,2024-09-20,['ERCOT'],Algo-detected: congestion_frac ≥ 30%
MISO Congestion 2024-08-20,congestion,2024-08-20,2024-08-25,2024-08-13,2024-09-01,['MISO'],Algo-detected: congestion_frac ≥ 30%
ERCOT LMP Spike 2024-08-20,lmp_spike,2024-08-20,2024-08-21,2024-08-06,2024-09-04,['ERCOT'],Algo-detected: lmp_max ≥ 462 $/MWh
MISO Congestion 2024-09-01,congestion,2024-09-01,2024-09-24,2024-08-25,2024-10-01,['MISO'],Algo-detected: congestion_frac ≥ 30%
CAISO LMP Spike 2024-09-04,lmp_spike,2024-09-04,2024-09-06,2024-08-21,2024-09-20,['CAISO'],Algo-detected: lmp_max ≥ 176 $/MWh
CAISO Congestion 2024-09-14,congestion,2024-09-14,2024-09-19,2024-09-07,2024-09-26,['CAISO'],Algo-detected: congestion_frac ≥ 30%
ERCOT Congestion 2024-09-16,congestion,2024-09-16,2024-11-30,2024-09-09,2024-12-07,['ERCOT'],Algo-detected: congestion_frac ≥ 30%
MISO Congestion 2024-09-26,congestion,2024-09-26,2024-09-29,2024-09-19,2024-10-06,['MISO'],Algo-detected: congestion_frac ≥ 30%
ERCOT LMP Spike 2024-09-30,lmp_spike,2024-09-30,2024-09-30,2024-09-16,2024-10-14,['ERCOT'],Algo-detected: lmp_max ≥ 462 $/MWh
MISO Congestion 2024-10-01,congestion,2024-10-01,2024-10-06,2024-09-24,2024-10-13,['MISO'],Algo-detected: congestion_frac ≥ 30%
CAISO LMP Spike 2024-10-02,lmp_spike,2024-10-02,2024-10-02,2024-09-18,2024-10-16,['CAISO'],Algo-detected: lmp_max ≥ 176 $/MWh
CAISO LMP Spike 2024-10-05,lmp_spike,2024-10-05,2024-10-07,2024-09-21,2024-10-21,['CAISO'],Algo-detected: lmp_max ≥ 176 $/MWh
ERCOT LMP Spike 2024-10-07,lmp_spike,2024-10-07,2024-10-08,2024-09-23,2024-10-22,['ERCOT'],Algo-detected: lmp_max ≥ 462 $/MWh
MISO Congestion 2024-10-10,congestion,2024-10-10,2024-10-30,2024-10-03,2024-11-06,['MISO'],Algo-detected: congestion_frac ≥ 30%
CAISO Congestion 2024-10-12,congestion,2024-10-12,2024-10-14,2024-10-05,2024-10-21,['CAISO'],Algo-detected: congestion_frac ≥ 30%
MISO LMP Spike 2024-10-17,lmp_spike,2024-10-17,2024-10-17,2024-10-03,2024-10-31,['MISO'],Algo-detected: lmp_max ≥ 421 $/MWh
CAISO Congestion 2024-10-19,congestion,2024-10-19,2024-10-24,2024-10-12,2024-10-31,['CAISO'],Algo-detected: congestion_frac ≥ 30%
MISO LMP Spike 2024-10-21,lmp_spike,2024-10-21,2024-10-21,2024-10-07,2024-11-04,['MISO'],Algo-detected: lmp_max ≥ 421 $/MWh
ERCOT LMP Spike 2024-10-23,lmp_spike,2024-10-23,2024-10-23,2024-10-09,2024-11-06,['ERCOT'],Algo-detected: lmp_max ≥ 462 $/MWh
CAISO Congestion 2024-10-27,congestion,2024-10-27,2024-10-29,2024-10-20,2024-11-05,['CAISO'],Algo-detected: congestion_frac ≥ 30%
MISO Congestion 2024-11-01,congestion,2024-11-01,2024-11-05,2024-10-25,2024-11-12,['MISO'],Algo-detected: congestion_frac ≥ 30%
CAISO Congestion 2024-11-01,congestion,2024-11-01,2024-11-03,2024-10-25,2024-11-10,['CAISO'],Algo-detected: congestion_frac ≥ 30%
CAISO Congestion 2024-11-05,congestion,2024-11-05,2024-11-24,2024-10-29,2024-12-01,['CAISO'],Algo-detected: congestion_frac ≥ 30%
MISO Congestion 2024-11-07,congestion,2024-11-07,2024-11-21,2024-10-31,2024-11-28,['MISO'],Algo-detected: congestion_frac ≥ 30%
MISO Congestion 2024-11-23,congestion,2024-11-23,2024-11-26,2024-11-16,2024-12-03,['MISO'],Algo-detected: congestion_frac ≥ 30%
ERCOT Congestion 2024-12-02,congestion,2024-12-02,2024-12-31,2024-11-25,2025-01-07,['ERCOT'],Algo-detected: congestion_frac ≥ 30%
MISO Congestion 2024-12-03,congestion,2024-12-03,2024-12-23,2024-11-26,2024-12-30,['MISO'],Algo-detected: congestion_frac ≥ 30%
MISO Congestion 2024-12-25,congestion,2024-12-25,2024-12-27,2024-12-18,2025-01-03,['MISO'],Algo-detected: congestion_frac ≥ 30%
SPP Congestion 2025-01-02,congestion,2025-01-02,2025-01-06,2024-12-26,2025-01-13,['SPP'],Algo-detected: congestion_frac ≥ 30%
ERCOT Congestion 2025-01-02,congestion,2025-01-02,2025-03-15,2024-12-26,2025-03-22,['ERCOT'],Algo-detected: congestion_frac ≥ 30%
SPP Congestion 2025-01-08,congestion,2025-01-08,2025-01-12,2025-01-01,2025-01-19,['SPP'],Algo-detected: congestion_frac ≥ 30%
CAISO Congestion 2025-01-11,congestion,2025-01-11,2025-01-19,2025-01-04,2025-01-26,['CAISO'],Algo-detected: congestion_frac ≥ 30%
MISO Congestion 2025-01-14,congestion,2025-01-14,2025-01-30,2025-01-07,2025-02-06,['MISO'],Algo-detected: congestion_frac ≥ 30%
MISO LMP Spike 2025-01-15,lmp_spike,2025-01-15,2025-01-15,2025-01-01,2025-01-29,['MISO'],Algo-detected: lmp_max ≥ 421 $/MWh
SPP Congestion 2025-01-16,congestion,2025-01-16,2025-01-20,2025-01-09,2025-01-27,['SPP'],Algo-detected: congestion_frac ≥ 30%
MISO LMP Spike 2025-01-21,lmp_spike,2025-01-21,2025-01-23,2025-01-07,2025-02-06,['MISO'],Algo-detected: lmp_max ≥ 421 $/MWh
SPP LMP Spike 2025-01-22,lmp_spike,2025-01-22,2025-01-22,2025-01-08,2025-02-05,['SPP'],Algo-detected: lmp_max ≥ 760 $/MWh
SPP Congestion 2025-01-27,congestion,2025-01-27,2025-01-29,2025-01-20,2025-02-05,['SPP'],Algo-detected: congestion_frac ≥ 30%
CAISO Congestion 2025-02-01,congestion,2025-02-01,2025-02-11,2025-01-25,2025-02-18,['CAISO'],Algo-detected: congestion_frac ≥ 30%
SPP Congestion 2025-02-06,congestion,2025-02-06,2025-02-09,2025-01-30,2025-02-16,['SPP'],Algo-detected: congestion_frac ≥ 30%
MISO Congestion 2025-02-13,congestion,2025-02-13,2025-02-16,2025-02-06,2025-02-23,['MISO'],Algo-detected: congestion_frac ≥ 30%
CAISO Congestion 2025-02-14,congestion,2025-02-14,2025-02-27,2025-02-07,2025-03-06,['CAISO'],Algo-detected: congestion_frac ≥ 30%
SPP Congestion 2025-02-14,congestion,2025-02-14,2025-03-08,2025-02-07,2025-03-15,['SPP'],Algo-detected: congestion_frac ≥ 30%
MISO LMP Spike 2025-02-20,lmp_spike,2025-02-20,2025-02-21,2025-02-06,2025-03-07,['MISO'],Algo-detected: lmp_max ≥ 421 $/MWh
SPP LMP Spike 2025-02-20,lmp_spike,2025-02-20,2025-02-20,2025-02-06,2025-03-06,['SPP'],Algo-detected: lmp_max ≥ 760 $/MWh
ERCOT LMP Spike 2025-02-20,lmp_spike,2025-02-20,2025-02-20,2025-02-06,2025-03-06,['ERCOT'],Algo-detected: lmp_max ≥ 462 $/MWh
MISO Congestion 2025-02-21,congestion,2025-02-21,2025-02-27,2025-02-14,2025-03-06,['MISO'],Algo-detected: congestion_frac ≥ 30%
SPP LMP Spike 2025-02-25,lmp_spike,2025-02-25,2025-02-25,2025-02-11,2025-03-11,['SPP'],Algo-detected: lmp_max ≥ 760 $/MWh
MISO Congestion 2025-03-01,congestion,2025-03-01,2025-03-25,2025-02-22,2025-04-01,['MISO'],Algo-detected: congestion_frac ≥ 30%
CAISO Congestion 2025-03-02,congestion,2025-03-02,2025-03-04,2025-02-23,2025-03-11,['CAISO'],Algo-detected: congestion_frac ≥ 30%
SPP LMP Spike 2025-03-06,lmp_spike,2025-03-06,2025-03-06,2025-02-20,2025-03-20,['SPP'],Algo-detected: lmp_max ≥ 760 $/MWh
SPP Congestion 2025-03-10,congestion,2025-03-10,2025-03-21,2025-03-03,2025-03-28,['SPP'],Algo-detected: congestion_frac ≥ 30%
CAISO Congestion 2025-03-15,congestion,2025-03-15,2025-03-21,2025-03-08,2025-03-28,['CAISO'],Algo-detected: congestion_frac ≥ 30%
ERCOT Congestion 2025-03-17,congestion,2025-03-17,2025-05-31,2025-03-10,2025-06-07,['ERCOT'],Algo-detected: congestion_frac ≥ 30%
MISO LMP Spike 2025-03-21,lmp_spike,2025-03-21,2025-03-21,2025-03-07,2025-04-04,['MISO'],Algo-detected: lmp_max ≥ 421 $/MWh
CAISO Congestion 2025-03-24,congestion,2025-03-24,2025-03-28,2025-03-17,2025-04-04,['CAISO'],Algo-detected: congestion_frac ≥ 30%
ERCOT LMP Spike 2025-03-25,lmp_spike,2025-03-25,2025-03-26,2025-03-11,2025-04-09,['ERCOT'],Algo-detected: lmp_max ≥ 462 $/MWh
SPP Congestion 2025-03-26,congestion,2025-03-26,2025-03-30,2025-03-19,2025-04-06,['SPP'],Algo-detected: congestion_frac ≥ 30%
MISO Congestion 2025-03-27,congestion,2025-03-27,2025-03-30,2025-03-20,2025-04-06,['MISO'],Algo-detected: congestion_frac ≥ 30%
SPP Congestion 2025-04-01,congestion,2025-04-01,2025-04-03,2025-03-25,2025-04-10,['SPP'],Algo-detected: congestion_frac ≥ 30%
CAISO Congestion 2025-04-01,congestion,2025-04-01,2025-04-04,2025-03-25,2025-04-11,['CAISO'],Algo-detected: congestion_frac ≥ 30%
MISO Congestion 2025-04-01,congestion,2025-04-01,2025-04-03,2025-03-25,2025-04-10,['MISO'],Algo-detected: congestion_frac ≥ 30%
MISO Congestion 2025-04-05,congestion,2025-04-05,2025-04-22,2025-03-29,2025-04-29,['MISO'],Algo-detected: congestion_frac ≥ 30%
SPP Congestion 2025-04-05,congestion,2025-04-05,2025-04-09,2025-03-29,2025-04-16,['SPP'],Algo-detected: congestion_frac ≥ 30%
CAISO Congestion 2025-04-06,congestion,2025-04-06,2025-04-11,2025-03-30,2025-04-18,['CAISO'],Algo-detected: congestion_frac ≥ 30%
SPP LMP Spike 2025-04-07,lmp_spike,2025-04-07,2025-04-07,2025-03-24,2025-04-21,['SPP'],Algo-detected: lmp_max ≥ 760 $/MWh
SPP Congestion 2025-04-12,congestion,2025-04-12,2025-04-19,2025-04-05,2025-04-26,['SPP'],Algo-detected: congestion_frac ≥ 30%
CAISO Congestion 2025-04-13,congestion,2025-04-13,2025-04-17,2025-04-06,2025-04-24,['CAISO'],Algo-detected: congestion_frac ≥ 30%
CAISO Congestion 2025-04-21,congestion,2025-04-21,2025-04-29,2025-04-14,2025-05-06,['CAISO'],Algo-detected: congestion_frac ≥ 30%
SPP LMP Spike 2025-04-22,lmp_spike,2025-04-22,2025-04-22,2025-04-08,2025-05-06,['SPP'],Algo-detected: lmp_max ≥ 760 $/MWh
SPP Congestion 2025-04-22,congestion,2025-04-22,2025-04-30,2025-04-15,2025-05-07,['SPP'],Algo-detected: congestion_frac ≥ 30%
MISO Congestion 2025-04-24,congestion,2025-04-24,2025-04-29,2025-04-17,2025-05-06,['MISO'],Algo-detected: congestion_frac ≥ 30%
CAISO Congestion 2025-05-02,congestion,2025-05-02,2025-05-04,2025-04-25,2025-05-11,['CAISO'],Algo-detected: congestion_frac ≥ 30%
MISO Congestion 2025-05-09,congestion,2025-05-09,2025-05-21,2025-05-02,2025-05-28,['MISO'],Algo-detected: congestion_frac ≥ 30%
SPP Congestion 2025-05-11,congestion,2025-05-11,2025-05-21,2025-05-04,2025-05-28,['SPP'],Algo-detected: congestion_frac ≥ 30%
CAISO Congestion 2025-05-13,congestion,2025-05-13,2025-05-27,2025-05-06,2025-06-03,['CAISO'],Algo-detected: congestion_frac ≥ 30%
ERCOT LMP Spike 2025-05-21,lmp_spike,2025-05-21,2025-05-21,2025-05-07,2025-06-04,['ERCOT'],Algo-detected: lmp_max ≥ 462 $/MWh
SPP Congestion 2025-05-24,congestion,2025-05-24,2025-05-26,2025-05-17,2025-06-02,['SPP'],Algo-detected: congestion_frac ≥ 30%
MISO Congestion 2025-05-25,congestion,2025-05-25,2025-05-27,2025-05-18,2025-06-03,['MISO'],Algo-detected: congestion_frac ≥ 30%
MISO LMP Spike 2025-05-26,lmp_spike,2025-05-26,2025-05-27,2025-05-12,2025-06-10,['MISO'],Algo-detected: lmp_max ≥ 421 $/MWh
MISO Congestion 2025-06-01,congestion,2025-06-01,2025-06-04,2025-05-25,2025-06-11,['MISO'],Algo-detected: congestion_frac ≥ 30%
SPP Congestion 2025-06-02,congestion,2025-06-02,2025-06-04,2025-05-26,2025-06-11,['SPP'],Algo-detected: congestion_frac ≥ 30%
ERCOT Congestion 2025-06-02,congestion,2025-06-02,2025-09-13,2025-05-26,2025-09-20,['ERCOT'],Algo-detected: congestion_frac ≥ 30%
SPP LMP Spike 2025-06-04,lmp_spike,2025-06-04,2025-06-04,2025-05-21,2025-06-18,['SPP'],Algo-detected: lmp_max ≥ 760 $/MWh
SPP Congestion 2025-06-06,congestion,2025-06-06,2025-06-09,2025-05-30,2025-06-16,['SPP'],Algo-detected: congestion_frac ≥ 30%
MISO Congestion 2025-06-07,congestion,2025-06-07,2025-06-09,2025-05-31,2025-06-16,['MISO'],Algo-detected: congestion_frac ≥ 30%
CAISO Congestion 2025-06-11,congestion,2025-06-11,2025-06-16,2025-06-04,2025-06-23,['CAISO'],Algo-detected: congestion_frac ≥ 30%
SPP Congestion 2025-06-11,congestion,2025-06-11,2025-06-14,2025-06-04,2025-06-21,['SPP'],Algo-detected: congestion_frac ≥ 30%
SPP LMP Spike 2025-06-17,lmp_spike,2025-06-17,2025-06-17,2025-06-03,2025-07-01,['SPP'],Algo-detected: lmp_max ≥ 760 $/MWh
MISO Congestion 2025-06-19,congestion,2025-06-19,2025-06-26,2025-06-12,2025-07-03,['MISO'],Algo-detected: congestion_frac ≥ 30%
CAISO Congestion 2025-06-20,congestion,2025-06-20,2025-06-24,2025-06-13,2025-07-01,['CAISO'],Algo-detected: congestion_frac ≥ 30%
SPP Congestion 2025-06-20,congestion,2025-06-20,2025-06-26,2025-06-13,2025-07-03,['SPP'],Algo-detected: congestion_frac ≥ 30%
MISO LMP Spike 2025-06-23,lmp_spike,2025-06-23,2025-06-23,2025-06-09,2025-07-07,['MISO'],Algo-detected: lmp_max ≥ 421 $/MWh
SPP Congestion 2025-06-28,congestion,2025-06-28,2025-06-30,2025-06-21,2025-07-07,['SPP'],Algo-detected: congestion_frac ≥ 30%
MISO Congestion 2025-07-02,congestion,2025-07-02,2025-07-05,2025-06-25,2025-07-12,['MISO'],Algo-detected: congestion_frac ≥ 30%
SPP Congestion 2025-07-03,congestion,2025-07-03,2025-07-05,2025-06-26,2025-07-12,['SPP'],Algo-detected: congestion_frac ≥ 30%
SPP LMP Spike 2025-07-03,lmp_spike,2025-07-03,2025-07-03,2025-06-19,2025-07-17,['SPP'],Algo-detected: lmp_max ≥ 760 $/MWh
MISO Congestion 2025-07-12,congestion,2025-07-12,2025-07-16,2025-07-05,2025-07-23,['MISO'],Algo-detected: congestion_frac ≥ 30%
MISO LMP Spike 2025-07-16,lmp_spike,2025-07-16,2025-07-16,2025-07-02,2025-07-30,['MISO'],Algo-detected: lmp_max ≥ 421 $/MWh
SPP Congestion 2025-07-19,congestion,2025-07-19,2025-07-24,2025-07-12,2025-07-31,['SPP'],Algo-detected: congestion_frac ≥ 30%
MISO Congestion 2025-07-21,congestion,2025-07-21,2025-07-23,2025-07-14,2025-07-30,['MISO'],Algo-detected: congestion_frac ≥ 30%
SPP LMP Spike 2025-07-22,lmp_spike,2025-07-22,2025-07-22,2025-07-08,2025-08-05,['SPP'],Algo-detected: lmp_max ≥ 760 $/MWh
MISO LMP Spike 2025-07-23,lmp_spike,2025-07-23,2025-07-24,2025-07-09,2025-08-07,['MISO'],Algo-detected: lmp_max ≥ 421 $/MWh
MISO LMP Spike 2025-07-28,lmp_spike,2025-07-28,2025-07-30,2025-07-14,2025-08-13,['MISO'],Algo-detected: lmp_max ≥ 421 $/MWh
ERCOT LMP Spike 2025-07-31,lmp_spike,2025-07-31,2025-07-31,2025-07-17,2025-08-14,['ERCOT'],Algo-detected: lmp_max ≥ 462 $/MWh
MISO Congestion 2025-08-02,congestion,2025-08-02,2025-08-05,2025-07-26,2025-08-12,['MISO'],Algo-detected: congestion_frac ≥ 30%
SPP Congestion 2025-08-05,congestion,2025-08-05,2025-08-09,2025-07-29,2025-08-16,['SPP'],Algo-detected: congestion_frac ≥ 30%
SPP LMP Spike 2025-08-06,lmp_spike,2025-08-06,2025-08-07,2025-07-23,2025-08-21,['SPP'],Algo-detected: lmp_max ≥ 760 $/MWh
MISO Congestion 2025-08-07,congestion,2025-08-07,2025-08-12,2025-07-31,2025-08-19,['MISO'],Algo-detected: congestion_frac ≥ 30%
MISO LMP Spike 2025-08-08,lmp_spike,2025-08-08,2025-08-08,2025-07-25,2025-08-22,['MISO'],Algo-detected: lmp_max ≥ 421 $/MWh
MISO LMP Spike 2025-08-11,lmp_spike,2025-08-11,2025-08-11,2025-07-28,2025-08-25,['MISO'],Algo-detected: lmp_max ≥ 421 $/MWh
MISO Congestion 2025-08-14,congestion,2025-08-14,2025-08-16,2025-08-07,2025-08-23,['MISO'],Algo-detected: congestion_frac ≥ 30%
SPP Congestion 2025-08-14,congestion,2025-08-14,2025-08-19,2025-08-07,2025-08-26,['SPP'],Algo-detected: congestion_frac ≥ 30%
MISO Congestion 2025-08-18,congestion,2025-08-18,2025-08-24,2025-08-11,2025-08-31,['MISO'],Algo-detected: congestion_frac ≥ 30%
MISO Congestion 2025-09-03,congestion,2025-09-03,2025-09-05,2025-08-27,2025-09-12,['MISO'],Algo-detected: congestion_frac ≥ 30%
MISO Congestion 2025-09-07,congestion,2025-09-07,2025-09-19,2025-08-31,2025-09-26,['MISO'],Algo-detected: congestion_frac ≥ 30%
MISO LMP Spike 2025-09-08,lmp_spike,2025-09-08,2025-09-08,2025-08-25,2025-09-22,['MISO'],Algo-detected: lmp_max ≥ 421 $/MWh
SPP Congestion 2025-09-08,congestion,2025-09-08,2025-09-18,2025-09-01,2025-09-25,['SPP'],Algo-detected: congestion_frac ≥ 30%
CAISO Congestion 2025-09-10,congestion,2025-09-10,2025-09-14,2025-09-03,2025-09-21,['CAISO'],Algo-detected: congestion_frac ≥ 30%
ERCOT Congestion 2025-09-16,congestion,2025-09-16,2025-11-22,2025-09-09,2025-11-29,['ERCOT'],Algo-detected: congestion_frac ≥ 30%
SPP Congestion 2025-09-20,congestion,2025-09-20,2025-09-23,2025-09-13,2025-09-30,['SPP'],Algo-detected: congestion_frac ≥ 30%
SPP LMP Spike 2025-09-21,lmp_spike,2025-09-21,2025-09-22,2025-09-07,2025-10-06,['SPP'],Algo-detected: lmp_max ≥ 760 $/MWh
MISO Congestion 2025-09-24,congestion,2025-09-24,2025-09-29,2025-09-17,2025-10-06,['MISO'],Algo-detected: congestion_frac ≥ 30%
SPP Congestion 2025-09-26,congestion,2025-09-26,2025-09-29,2025-09-19,2025-10-06,['SPP'],Algo-detected: congestion_frac ≥ 30%
MISO LMP Spike 2025-09-28,lmp_spike,2025-09-28,2025-09-28,2025-09-14,2025-10-12,['MISO'],Algo-detected: lmp_max ≥ 421 $/MWh
MISO Congestion 2025-10-01,congestion,2025-10-01,2025-10-05,2025-09-24,2025-10-12,['MISO'],Algo-detected: congestion_frac ≥ 30%
CAISO Congestion 2025-10-01,congestion,2025-10-01,2025-10-07,2025-09-24,2025-10-14,['CAISO'],Algo-detected: congestion_frac ≥ 30%
SPP Congestion 2025-10-01,congestion,2025-10-01,2025-10-06,2025-09-24,2025-10-13,['SPP'],Algo-detected: congestion_frac ≥ 30%
MISO LMP Spike 2025-10-02,lmp_spike,2025-10-02,2025-10-02,2025-09-18,2025-10-16,['MISO'],Algo-detected: lmp_max ≥ 421 $/MWh
SPP LMP Spike 2025-10-02,lmp_spike,2025-10-02,2025-10-02,2025-09-18,2025-10-16,['SPP'],Algo-detected: lmp_max ≥ 760 $/MWh
MISO LMP Spike 2025-10-06,lmp_spike,2025-10-06,2025-10-06,2025-09-22,2025-10-20,['MISO'],Algo-detected: lmp_max ≥ 421 $/MWh
MISO Congestion 2025-10-07,congestion,2025-10-07,2025-10-22,2025-09-30,2025-10-29,['MISO'],Algo-detected: congestion_frac ≥ 30%
SPP Congestion 2025-10-09,congestion,2025-10-09,2025-10-13,2025-10-02,2025-10-20,['SPP'],Algo-detected: congestion_frac ≥ 30%
CAISO Congestion 2025-10-11,congestion,2025-10-11,2025-10-13,2025-10-04,2025-10-20,['CAISO'],Algo-detected: congestion_frac ≥ 30%
SPP Congestion 2025-10-15,congestion,2025-10-15,2025-10-17,2025-10-08,2025-10-24,['SPP'],Algo-detected: congestion_frac ≥ 30%
CAISO Congestion 2025-10-15,congestion,2025-10-15,2025-10-19,2025-10-08,2025-10-26,['CAISO'],Algo-detected: congestion_frac ≥ 30%
MISO LMP Spike 2025-10-18,lmp_spike,2025-10-18,2025-10-18,2025-10-04,2025-11-01,['MISO'],Algo-detected: lmp_max ≥ 421 $/MWh
SPP Congestion 2025-10-21,congestion,2025-10-21,2025-10-24,2025-10-14,2025-10-31,['SPP'],Algo-detected: congestion_frac ≥ 30%
MISO Congestion 2025-10-24,congestion,2025-10-24,2025-10-30,2025-10-17,2025-11-06,['MISO'],Algo-detected: congestion_frac ≥ 30%
CAISO Congestion 2025-10-25,congestion,2025-10-25,2025-10-27,2025-10-18,2025-11-03,['CAISO'],Algo-detected: congestion_frac ≥ 30%
SPP Congestion 2025-10-26,congestion,2025-10-26,2025-10-29,2025-10-19,2025-11-05,['SPP'],Algo-detected: congestion_frac ≥ 30%
SPP LMP Spike 2025-10-29,lmp_spike,2025-10-29,2025-10-29,2025-10-15,2025-11-12,['SPP'],Algo-detected: lmp_max ≥ 760 $/MWh
MISO Congestion 2025-11-01,congestion,2025-11-01,2025-11-12,2025-10-25,2025-11-19,['MISO'],Algo-detected: congestion_frac ≥ 30%
MISO LMP Spike 2025-11-03,lmp_spike,2025-11-03,2025-11-03,2025-10-20,2025-11-17,['MISO'],Algo-detected: lmp_max ≥ 421 $/MWh
SPP Congestion 2025-11-04,congestion,2025-11-04,2025-11-09,2025-10-28,2025-11-16,['SPP'],Algo-detected: congestion_frac ≥ 30%
CAISO Congestion 2025-11-06,congestion,2025-11-06,2025-11-09,2025-10-30,2025-11-16,['CAISO'],Algo-detected: congestion_frac ≥ 30%
SPP Congestion 2025-11-13,congestion,2025-11-13,2025-11-18,2025-11-06,2025-11-25,['SPP'],Algo-detected: congestion_frac ≥ 30%
MISO Congestion 2025-11-14,congestion,2025-11-14,2025-11-18,2025-11-07,2025-11-25,['MISO'],Algo-detected: congestion_frac ≥ 30%
SPP Congestion 2025-11-20,congestion,2025-11-20,2025-11-24,2025-11-13,2025-12-01,['SPP'],Algo-detected: congestion_frac ≥ 30%
MISO Congestion 2025-11-22,congestion,2025-11-22,2025-11-29,2025-11-15,2025-12-06,['MISO'],Algo-detected: congestion_frac ≥ 30%
ERCOT Congestion 2025-11-24,congestion,2025-11-24,2025-12-30,2025-11-17,2026-01-06,['ERCOT'],Algo-detected: congestion_frac ≥ 30%
SPP Congestion 2025-11-28,congestion,2025-11-28,2025-11-30,2025-11-21,2025-12-07,['SPP'],Algo-detected: congestion_frac ≥ 30%
MISO Congestion 2025-12-01,congestion,2025-12-01,2025-12-06,2025-11-24,2025-12-13,['MISO'],Algo-detected: congestion_frac ≥ 30%
MISO LMP Spike 2025-12-01,lmp_spike,2025-12-01,2025-12-01,2025-11-17,2025-12-15,['MISO'],Algo-detected: lmp_max ≥ 421 $/MWh
SPP Congestion 2025-12-03,congestion,2025-12-03,2025-12-05,2025-11-26,2025-12-12,['SPP'],Algo-detected: congestion_frac ≥ 30%
MISO LMP Spike 2025-12-04,lmp_spike,2025-12-04,2025-12-04,2025-11-20,2025-12-18,['MISO'],Algo-detected: lmp_max ≥ 421 $/MWh
SPP Congestion 2025-12-07,congestion,2025-12-07,2025-12-13,2025-11-30,2025-12-20,['SPP'],Algo-detected: congestion_frac ≥ 30%
MISO Congestion 2025-12-08,congestion,2025-12-08,2025-12-10,2025-12-01,2025-12-17,['MISO'],Algo-detected: congestion_frac ≥ 30%
SPP LMP Spike 2025-12-10,lmp_spike,2025-12-10,2025-12-10,2025-11-26,2025-12-24,['SPP'],Algo-detected: lmp_max ≥ 760 $/MWh
MISO Congestion 2025-12-12,congestion,2025-12-12,2025-12-25,2025-12-05,2026-01-01,['MISO'],Algo-detected: congestion_frac ≥ 30%
SPP LMP Spike 2025-12-15,lmp_spike,2025-12-15,2025-12-15,2025-12-01,2025-12-29,['SPP'],Algo-detected: lmp_max ≥ 760 $/MWh
SPP Congestion 2025-12-15,congestion,2025-12-15,2025-12-22,2025-12-08,2025-12-29,['SPP'],Algo-detected: congestion_frac ≥ 30%
SPP Congestion 2025-12-24,congestion,2025-12-24,2025-12-31,2025-12-17,2026-01-07,['SPP'],Algo-detected: congestion_frac ≥ 30%
MISO Congestion 2025-12-27,congestion,2025-12-27,2025-12-30,2025-12-20,2026-01-06,['MISO'],Algo-detected: congestion_frac ≥ 30%
