vintage,zone,target_year,mw_adj
2021 LF,AE,2021,0
2021 LF,AE,2022,0
2021 LF,AE,2023,0
2021 LF,AE,2024,0
2021 LF,AE,2025,0
2021 LF,AE,2026,0
2021 LF,AE,2027,0
2021 LF,AE,2028,0
2021 LF,AE,2029,0
2021 LF,AE,2030,0
2021 LF,AE,2031,0
2021 LF,AE,2032,0
2021 LF,AE,2033,0
2021 LF,AE,2034,0
2021 LF,AE,2035,0
2021 LF,AE,2036,0
2021 LF,BGE,2021,-12
2021 LF,BGE,2022,-16
2021 LF,BGE,2023,-17
2021 LF,BGE,2024,-16
2021 LF,BGE,2025,-15
2021 LF,BGE,2026,-16
2021 LF,BGE,2027,-12
2021 LF,BGE,2028,-15
2021 LF,BGE,2029,-12
2021 LF,BGE,2030,-13
2021 LF,BGE,2031,-7
2021 LF,BGE,2032,-12
2021 LF,BGE,2033,-10
2021 LF,BGE,2034,-6
2021 LF,BGE,2035,-8
2021 LF,BGE,2036,-7
2021 LF,DPL,2021,0
2021 LF,DPL,2022,0
2021 LF,DPL,2023,0
2021 LF,DPL,2024,0
2021 LF,DPL,2025,0
2021 LF,DPL,2026,0
2021 LF,DPL,2027,0
2021 LF,DPL,2028,0
2021 LF,DPL,2029,0
2021 LF,DPL,2030,0
2021 LF,DPL,2031,0
2021 LF,DPL,2032,0
2021 LF,DPL,2033,0
2021 LF,DPL,2034,0
2021 LF,DPL,2035,0
2021 LF,DPL,2036,0
2021 LF,JCPL,2021,0
2021 LF,JCPL,2022,0
2021 LF,JCPL,2023,0
2021 LF,JCPL,2024,0
2021 LF,JCPL,2025,0
2021 LF,JCPL,2026,0
2021 LF,JCPL,2027,0
2021 LF,JCPL,2028,0
2021 LF,JCPL,2029,0
2021 LF,JCPL,2030,0
2021 LF,JCPL,2031,0
2021 LF,JCPL,2032,0
2021 LF,JCPL,2033,0
2021 LF,JCPL,2034,0
2021 LF,JCPL,2035,0
2021 LF,JCPL,2036,0
2021 LF,METED,2021,0
2021 LF,METED,2022,0
2021 LF,METED,2023,0
2021 LF,METED,2024,0
2021 LF,METED,2025,0
2021 LF,METED,2026,0
2021 LF,METED,2027,0
2021 LF,METED,2028,0
2021 LF,METED,2029,0
2021 LF,METED,2030,0
2021 LF,METED,2031,0
2021 LF,METED,2032,0
2021 LF,METED,2033,0
2021 LF,METED,2034,0
2021 LF,METED,2035,0
2021 LF,METED,2036,0
2021 LF,PECO,2021,0
2021 LF,PECO,2022,0
2021 LF,PECO,2023,0
2021 LF,PECO,2024,0
2021 LF,PECO,2025,0
2021 LF,PECO,2026,0
2021 LF,PECO,2027,0
2021 LF,PECO,2028,0
2021 LF,PECO,2029,0
2021 LF,PECO,2030,0
2021 LF,PECO,2031,0
2021 LF,PECO,2032,0
2021 LF,PECO,2033,0
2021 LF,PECO,2034,0
2021 LF,PECO,2035,0
2021 LF,PECO,2036,0
2021 LF,PENLC,2021,0
2021 LF,PENLC,2022,0
2021 LF,PENLC,2023,0
2021 LF,PENLC,2024,0
2021 LF,PENLC,2025,0
2021 LF,PENLC,2026,0
2021 LF,PENLC,2027,0
2021 LF,PENLC,2028,0
2021 LF,PENLC,2029,0
2021 LF,PENLC,2030,0
2021 LF,PENLC,2031,0
2021 LF,PENLC,2032,0
2021 LF,PENLC,2033,0
2021 LF,PENLC,2034,0
2021 LF,PENLC,2035,0
2021 LF,PENLC,2036,0
2021 LF,PEPCO,2021,0
2021 LF,PEPCO,2022,0
2021 LF,PEPCO,2023,0
2021 LF,PEPCO,2024,0
2021 LF,PEPCO,2025,0
2021 LF,PEPCO,2026,0
2021 LF,PEPCO,2027,0
2021 LF,PEPCO,2028,0
2021 LF,PEPCO,2029,0
2021 LF,PEPCO,2030,0
2021 LF,PEPCO,2031,0
2021 LF,PEPCO,2032,0
2021 LF,PEPCO,2033,0
2021 LF,PEPCO,2034,0
2021 LF,PEPCO,2035,0
2021 LF,PEPCO,2036,0
2021 LF,PL,2021,0
2021 LF,PL,2022,0
2021 LF,PL,2023,0
2021 LF,PL,2024,0
2021 LF,PL,2025,0
2021 LF,PL,2026,0
2021 LF,PL,2027,0
2021 LF,PL,2028,0
2021 LF,PL,2029,0
2021 LF,PL,2030,0
2021 LF,PL,2031,0
2021 LF,PL,2032,0
2021 LF,PL,2033,0
2021 LF,PL,2034,0
2021 LF,PL,2035,0
2021 LF,PL,2036,0
2021 LF,PS,2021,0
2021 LF,PS,2022,0
2021 LF,PS,2023,0
2021 LF,PS,2024,0
2021 LF,PS,2025,0
2021 LF,PS,2026,0
2021 LF,PS,2027,0
2021 LF,PS,2028,0
2021 LF,PS,2029,0
2021 LF,PS,2030,0
2021 LF,PS,2031,0
2021 LF,PS,2032,0
2021 LF,PS,2033,0
2021 LF,PS,2034,0
2021 LF,PS,2035,0
2021 LF,PS,2036,0
2021 LF,RECO,2021,0
2021 LF,RECO,2022,0
2021 LF,RECO,2023,0
2021 LF,RECO,2024,0
2021 LF,RECO,2025,0
2021 LF,RECO,2026,0
2021 LF,RECO,2027,0
2021 LF,RECO,2028,0
2021 LF,RECO,2029,0
2021 LF,RECO,2030,0
2021 LF,RECO,2031,0
2021 LF,RECO,2032,0
2021 LF,RECO,2033,0
2021 LF,RECO,2034,0
2021 LF,RECO,2035,0
2021 LF,RECO,2036,0
2021 LF,UGI,2021,0
2021 LF,UGI,2022,0
2021 LF,UGI,2023,0
2021 LF,UGI,2024,0
2021 LF,UGI,2025,0
2021 LF,UGI,2026,0
2021 LF,UGI,2027,0
2021 LF,UGI,2028,0
2021 LF,UGI,2029,0
2021 LF,UGI,2030,0
2021 LF,UGI,2031,0
2021 LF,UGI,2032,0
2021 LF,UGI,2033,0
2021 LF,UGI,2034,0
2021 LF,UGI,2035,0
2021 LF,UGI,2036,0
2021 LF,AEP,2021,0
2021 LF,AEP,2022,0
2021 LF,AEP,2023,0
2021 LF,AEP,2024,0
2021 LF,AEP,2025,0
2021 LF,AEP,2026,0
2021 LF,AEP,2027,0
2021 LF,AEP,2028,0
2021 LF,AEP,2029,0
2021 LF,AEP,2030,0
2021 LF,AEP,2031,0
2021 LF,AEP,2032,0
2021 LF,AEP,2033,0
2021 LF,AEP,2034,0
2021 LF,AEP,2035,0
2021 LF,AEP,2036,0
2021 LF,APS,2021,32
2021 LF,APS,2022,56
2021 LF,APS,2023,76
2021 LF,APS,2024,87
2021 LF,APS,2025,88
2021 LF,APS,2026,91
2021 LF,APS,2027,89
2021 LF,APS,2028,92
2021 LF,APS,2029,92
2021 LF,APS,2030,94
2021 LF,APS,2031,93
2021 LF,APS,2032,86
2021 LF,APS,2033,94
2021 LF,APS,2034,86
2021 LF,APS,2035,86
2021 LF,APS,2036,89
2021 LF,ATSI,2021,0
2021 LF,ATSI,2022,0
2021 LF,ATSI,2023,0
2021 LF,ATSI,2024,0
2021 LF,ATSI,2025,0
2021 LF,ATSI,2026,0
2021 LF,ATSI,2027,0
2021 LF,ATSI,2028,0
2021 LF,ATSI,2029,0
2021 LF,ATSI,2030,0
2021 LF,ATSI,2031,0
2021 LF,ATSI,2032,0
2021 LF,ATSI,2033,0
2021 LF,ATSI,2034,0
2021 LF,ATSI,2035,0
2021 LF,ATSI,2036,0
2021 LF,COMED,2021,-92
2021 LF,COMED,2022,-129
2021 LF,COMED,2023,-167
2021 LF,COMED,2024,-192
2021 LF,COMED,2025,-218
2021 LF,COMED,2026,-219
2021 LF,COMED,2027,-218
2021 LF,COMED,2028,-218
2021 LF,COMED,2029,-222
2021 LF,COMED,2030,-222
2021 LF,COMED,2031,-221
2021 LF,COMED,2032,-220
2021 LF,COMED,2033,-217
2021 LF,COMED,2034,-213
2021 LF,COMED,2035,-211
2021 LF,COMED,2036,-210
2021 LF,DAYTON,2021,0
2021 LF,DAYTON,2022,0
2021 LF,DAYTON,2023,0
2021 LF,DAYTON,2024,0
2021 LF,DAYTON,2025,0
2021 LF,DAYTON,2026,0
2021 LF,DAYTON,2027,0
2021 LF,DAYTON,2028,0
2021 LF,DAYTON,2029,0
2021 LF,DAYTON,2030,0
2021 LF,DAYTON,2031,0
2021 LF,DAYTON,2032,0
2021 LF,DAYTON,2033,0
2021 LF,DAYTON,2034,0
2021 LF,DAYTON,2035,0
2021 LF,DAYTON,2036,0
2021 LF,DEOK,2021,0
2021 LF,DEOK,2022,0
2021 LF,DEOK,2023,0
2021 LF,DEOK,2024,0
2021 LF,DEOK,2025,0
2021 LF,DEOK,2026,0
2021 LF,DEOK,2027,0
2021 LF,DEOK,2028,0
2021 LF,DEOK,2029,0
2021 LF,DEOK,2030,0
2021 LF,DEOK,2031,0
2021 LF,DEOK,2032,0
2021 LF,DEOK,2033,0
2021 LF,DEOK,2034,0
2021 LF,DEOK,2035,0
2021 LF,DEOK,2036,0
2021 LF,DLCO,2021,0
2021 LF,DLCO,2022,0
2021 LF,DLCO,2023,0
2021 LF,DLCO,2024,0
2021 LF,DLCO,2025,0
2021 LF,DLCO,2026,0
2021 LF,DLCO,2027,0
2021 LF,DLCO,2028,0
2021 LF,DLCO,2029,0
2021 LF,DLCO,2030,0
2021 LF,DLCO,2031,0
2021 LF,DLCO,2032,0
2021 LF,DLCO,2033,0
2021 LF,DLCO,2034,0
2021 LF,DLCO,2035,0
2021 LF,DLCO,2036,0
2021 LF,EKPC,2021,0
2021 LF,EKPC,2022,0
2021 LF,EKPC,2023,0
2021 LF,EKPC,2024,0
2021 LF,EKPC,2025,0
2021 LF,EKPC,2026,0
2021 LF,EKPC,2027,0
2021 LF,EKPC,2028,0
2021 LF,EKPC,2029,0
2021 LF,EKPC,2030,0
2021 LF,EKPC,2031,0
2021 LF,EKPC,2032,0
2021 LF,EKPC,2033,0
2021 LF,EKPC,2034,0
2021 LF,EKPC,2035,0
2021 LF,EKPC,2036,0
2021 LF,OVEC,2021,0
2021 LF,OVEC,2022,0
2021 LF,OVEC,2023,0
2021 LF,OVEC,2024,0
2021 LF,OVEC,2025,0
2021 LF,OVEC,2026,0
2021 LF,OVEC,2027,0
2021 LF,OVEC,2028,0
2021 LF,OVEC,2029,0
2021 LF,OVEC,2030,0
2021 LF,OVEC,2031,0
2021 LF,OVEC,2032,0
2021 LF,OVEC,2033,0
2021 LF,OVEC,2034,0
2021 LF,OVEC,2035,0
2021 LF,OVEC,2036,0
2021 LF,DOM,2021,-221
2021 LF,DOM,2022,-114
2021 LF,DOM,2023,11
2021 LF,DOM,2024,119
2021 LF,DOM,2025,217
2021 LF,DOM,2026,204
2021 LF,DOM,2027,184
2021 LF,DOM,2028,174
2021 LF,DOM,2029,152
2021 LF,DOM,2030,150
2021 LF,DOM,2031,152
2021 LF,DOM,2032,151
2021 LF,DOM,2033,151
2021 LF,DOM,2034,153
2021 LF,DOM,2035,126
2021 LF,DOM,2036,107
2021 LF,PJM RTO,2021,-268
2021 LF,PJM RTO,2022,-184
2021 LF,PJM RTO,2023,-82
2021 LF,PJM RTO,2024,28
2021 LF,PJM RTO,2025,92
2021 LF,PJM RTO,2026,59
2021 LF,PJM RTO,2027,37
2021 LF,PJM RTO,2028,13
2021 LF,PJM RTO,2029,-11
2021 LF,PJM RTO,2030,-34
2021 LF,PJM RTO,2031,-60
2021 LF,PJM RTO,2032,-87
2021 LF,PJM RTO,2033,-96
2021 LF,PJM RTO,2034,-115
2021 LF,PJM RTO,2035,-98
2021 LF,PJM RTO,2036,-192
2022 LF,AE,2022,0
2022 LF,AE,2023,0
2022 LF,AE,2024,0
2022 LF,AE,2025,0
2022 LF,AE,2026,0
2022 LF,AE,2027,0
2022 LF,AE,2028,0
2022 LF,AE,2029,0
2022 LF,AE,2030,0
2022 LF,AE,2031,0
2022 LF,AE,2032,0
2022 LF,AE,2033,0
2022 LF,AE,2034,0
2022 LF,AE,2035,0
2022 LF,AE,2036,0
2022 LF,AE,2037,0
2022 LF,BGE,2022,0
2022 LF,BGE,2023,0
2022 LF,BGE,2024,0
2022 LF,BGE,2025,0
2022 LF,BGE,2026,0
2022 LF,BGE,2027,0
2022 LF,BGE,2028,0
2022 LF,BGE,2029,0
2022 LF,BGE,2030,0
2022 LF,BGE,2031,0
2022 LF,BGE,2032,0
2022 LF,BGE,2033,0
2022 LF,BGE,2034,0
2022 LF,BGE,2035,0
2022 LF,BGE,2036,0
2022 LF,BGE,2037,0
2022 LF,DPL,2022,0
2022 LF,DPL,2023,0
2022 LF,DPL,2024,0
2022 LF,DPL,2025,0
2022 LF,DPL,2026,0
2022 LF,DPL,2027,0
2022 LF,DPL,2028,0
2022 LF,DPL,2029,0
2022 LF,DPL,2030,0
2022 LF,DPL,2031,0
2022 LF,DPL,2032,0
2022 LF,DPL,2033,0
2022 LF,DPL,2034,0
2022 LF,DPL,2035,0
2022 LF,DPL,2036,0
2022 LF,DPL,2037,0
2022 LF,JCPL,2022,0
2022 LF,JCPL,2023,0
2022 LF,JCPL,2024,0
2022 LF,JCPL,2025,0
2022 LF,JCPL,2026,0
2022 LF,JCPL,2027,0
2022 LF,JCPL,2028,0
2022 LF,JCPL,2029,0
2022 LF,JCPL,2030,0
2022 LF,JCPL,2031,0
2022 LF,JCPL,2032,0
2022 LF,JCPL,2033,0
2022 LF,JCPL,2034,0
2022 LF,JCPL,2035,0
2022 LF,JCPL,2036,0
2022 LF,JCPL,2037,0
2022 LF,METED,2022,0
2022 LF,METED,2023,0
2022 LF,METED,2024,0
2022 LF,METED,2025,0
2022 LF,METED,2026,0
2022 LF,METED,2027,0
2022 LF,METED,2028,0
2022 LF,METED,2029,0
2022 LF,METED,2030,0
2022 LF,METED,2031,0
2022 LF,METED,2032,0
2022 LF,METED,2033,0
2022 LF,METED,2034,0
2022 LF,METED,2035,0
2022 LF,METED,2036,0
2022 LF,METED,2037,0
2022 LF,PECO,2022,0
2022 LF,PECO,2023,0
2022 LF,PECO,2024,0
2022 LF,PECO,2025,0
2022 LF,PECO,2026,0
2022 LF,PECO,2027,0
2022 LF,PECO,2028,0
2022 LF,PECO,2029,0
2022 LF,PECO,2030,0
2022 LF,PECO,2031,0
2022 LF,PECO,2032,0
2022 LF,PECO,2033,0
2022 LF,PECO,2034,0
2022 LF,PECO,2035,0
2022 LF,PECO,2036,0
2022 LF,PECO,2037,0
2022 LF,PENLC,2022,0
2022 LF,PENLC,2023,0
2022 LF,PENLC,2024,0
2022 LF,PENLC,2025,0
2022 LF,PENLC,2026,0
2022 LF,PENLC,2027,0
2022 LF,PENLC,2028,0
2022 LF,PENLC,2029,0
2022 LF,PENLC,2030,0
2022 LF,PENLC,2031,0
2022 LF,PENLC,2032,0
2022 LF,PENLC,2033,0
2022 LF,PENLC,2034,0
2022 LF,PENLC,2035,0
2022 LF,PENLC,2036,0
2022 LF,PENLC,2037,0
2022 LF,PEPCO,2022,0
2022 LF,PEPCO,2023,0
2022 LF,PEPCO,2024,0
2022 LF,PEPCO,2025,0
2022 LF,PEPCO,2026,0
2022 LF,PEPCO,2027,0
2022 LF,PEPCO,2028,0
2022 LF,PEPCO,2029,0
2022 LF,PEPCO,2030,0
2022 LF,PEPCO,2031,0
2022 LF,PEPCO,2032,0
2022 LF,PEPCO,2033,0
2022 LF,PEPCO,2034,0
2022 LF,PEPCO,2035,0
2022 LF,PEPCO,2036,0
2022 LF,PEPCO,2037,0
2022 LF,PL,2022,0
2022 LF,PL,2023,0
2022 LF,PL,2024,0
2022 LF,PL,2025,0
2022 LF,PL,2026,0
2022 LF,PL,2027,0
2022 LF,PL,2028,0
2022 LF,PL,2029,0
2022 LF,PL,2030,0
2022 LF,PL,2031,0
2022 LF,PL,2032,0
2022 LF,PL,2033,0
2022 LF,PL,2034,0
2022 LF,PL,2035,0
2022 LF,PL,2036,0
2022 LF,PL,2037,0
2022 LF,PS,2022,0
2022 LF,PS,2023,0
2022 LF,PS,2024,0
2022 LF,PS,2025,0
2022 LF,PS,2026,0
2022 LF,PS,2027,0
2022 LF,PS,2028,0
2022 LF,PS,2029,0
2022 LF,PS,2030,0
2022 LF,PS,2031,0
2022 LF,PS,2032,0
2022 LF,PS,2033,0
2022 LF,PS,2034,0
2022 LF,PS,2035,0
2022 LF,PS,2036,0
2022 LF,PS,2037,0
2022 LF,RECO,2022,0
2022 LF,RECO,2023,0
2022 LF,RECO,2024,0
2022 LF,RECO,2025,0
2022 LF,RECO,2026,0
2022 LF,RECO,2027,0
2022 LF,RECO,2028,0
2022 LF,RECO,2029,0
2022 LF,RECO,2030,0
2022 LF,RECO,2031,0
2022 LF,RECO,2032,0
2022 LF,RECO,2033,0
2022 LF,RECO,2034,0
2022 LF,RECO,2035,0
2022 LF,RECO,2036,0
2022 LF,RECO,2037,0
2022 LF,UGI,2022,0
2022 LF,UGI,2023,0
2022 LF,UGI,2024,0
2022 LF,UGI,2025,0
2022 LF,UGI,2026,0
2022 LF,UGI,2027,0
2022 LF,UGI,2028,0
2022 LF,UGI,2029,0
2022 LF,UGI,2030,0
2022 LF,UGI,2031,0
2022 LF,UGI,2032,0
2022 LF,UGI,2033,0
2022 LF,UGI,2034,0
2022 LF,UGI,2035,0
2022 LF,UGI,2036,0
2022 LF,UGI,2037,0
2022 LF,AEP,2022,0
2022 LF,AEP,2023,0
2022 LF,AEP,2024,0
2022 LF,AEP,2025,0
2022 LF,AEP,2026,0
2022 LF,AEP,2027,0
2022 LF,AEP,2028,0
2022 LF,AEP,2029,0
2022 LF,AEP,2030,0
2022 LF,AEP,2031,0
2022 LF,AEP,2032,0
2022 LF,AEP,2033,0
2022 LF,AEP,2034,0
2022 LF,AEP,2035,0
2022 LF,AEP,2036,0
2022 LF,AEP,2037,0
2022 LF,APS,2022,187
2022 LF,APS,2023,221
2022 LF,APS,2024,249
2022 LF,APS,2025,261
2022 LF,APS,2026,266
2022 LF,APS,2027,274
2022 LF,APS,2028,285
2022 LF,APS,2029,291
2022 LF,APS,2030,306
2022 LF,APS,2031,315
2022 LF,APS,2032,322
2022 LF,APS,2033,325
2022 LF,APS,2034,333
2022 LF,APS,2035,346
2022 LF,APS,2036,358
2022 LF,APS,2037,356
2022 LF,ATSI,2022,66
2022 LF,ATSI,2023,109
2022 LF,ATSI,2024,132
2022 LF,ATSI,2025,148
2022 LF,ATSI,2026,165
2022 LF,ATSI,2027,174
2022 LF,ATSI,2028,181
2022 LF,ATSI,2029,186
2022 LF,ATSI,2030,191
2022 LF,ATSI,2031,191
2022 LF,ATSI,2032,191
2022 LF,ATSI,2033,191
2022 LF,ATSI,2034,190
2022 LF,ATSI,2035,192
2022 LF,ATSI,2036,194
2022 LF,ATSI,2037,192
2022 LF,COMED,2022,-108
2022 LF,COMED,2023,-141
2022 LF,COMED,2024,-181
2022 LF,COMED,2025,-220
2022 LF,COMED,2026,-221
2022 LF,COMED,2027,-224
2022 LF,COMED,2028,-227
2022 LF,COMED,2029,-231
2022 LF,COMED,2030,-218
2022 LF,COMED,2031,-221
2022 LF,COMED,2032,-231
2022 LF,COMED,2033,-220
2022 LF,COMED,2034,-219
2022 LF,COMED,2035,-222
2022 LF,COMED,2036,-229
2022 LF,COMED,2037,-219
2022 LF,DAYTON,2022,0
2022 LF,DAYTON,2023,0
2022 LF,DAYTON,2024,0
2022 LF,DAYTON,2025,0
2022 LF,DAYTON,2026,0
2022 LF,DAYTON,2027,0
2022 LF,DAYTON,2028,0
2022 LF,DAYTON,2029,0
2022 LF,DAYTON,2030,0
2022 LF,DAYTON,2031,0
2022 LF,DAYTON,2032,0
2022 LF,DAYTON,2033,0
2022 LF,DAYTON,2034,0
2022 LF,DAYTON,2035,0
2022 LF,DAYTON,2036,0
2022 LF,DAYTON,2037,0
2022 LF,DEOK,2022,0
2022 LF,DEOK,2023,0
2022 LF,DEOK,2024,0
2022 LF,DEOK,2025,0
2022 LF,DEOK,2026,0
2022 LF,DEOK,2027,0
2022 LF,DEOK,2028,0
2022 LF,DEOK,2029,0
2022 LF,DEOK,2030,0
2022 LF,DEOK,2031,0
2022 LF,DEOK,2032,0
2022 LF,DEOK,2033,0
2022 LF,DEOK,2034,0
2022 LF,DEOK,2035,0
2022 LF,DEOK,2036,0
2022 LF,DEOK,2037,0
2022 LF,DLCO,2022,0
2022 LF,DLCO,2023,0
2022 LF,DLCO,2024,0
2022 LF,DLCO,2025,0
2022 LF,DLCO,2026,0
2022 LF,DLCO,2027,0
2022 LF,DLCO,2028,0
2022 LF,DLCO,2029,0
2022 LF,DLCO,2030,0
2022 LF,DLCO,2031,0
2022 LF,DLCO,2032,0
2022 LF,DLCO,2033,0
2022 LF,DLCO,2034,0
2022 LF,DLCO,2035,0
2022 LF,DLCO,2036,0
2022 LF,DLCO,2037,0
2022 LF,EKPC,2022,0
2022 LF,EKPC,2023,0
2022 LF,EKPC,2024,0
2022 LF,EKPC,2025,0
2022 LF,EKPC,2026,0
2022 LF,EKPC,2027,0
2022 LF,EKPC,2028,0
2022 LF,EKPC,2029,0
2022 LF,EKPC,2030,0
2022 LF,EKPC,2031,0
2022 LF,EKPC,2032,0
2022 LF,EKPC,2033,0
2022 LF,EKPC,2034,0
2022 LF,EKPC,2035,0
2022 LF,EKPC,2036,0
2022 LF,EKPC,2037,0
2022 LF,OVEC,2022,0
2022 LF,OVEC,2023,0
2022 LF,OVEC,2024,0
2022 LF,OVEC,2025,0
2022 LF,OVEC,2026,0
2022 LF,OVEC,2027,0
2022 LF,OVEC,2028,0
2022 LF,OVEC,2029,0
2022 LF,OVEC,2030,0
2022 LF,OVEC,2031,0
2022 LF,OVEC,2032,0
2022 LF,OVEC,2033,0
2022 LF,OVEC,2034,0
2022 LF,OVEC,2035,0
2022 LF,OVEC,2036,0
2022 LF,OVEC,2037,0
2022 LF,DOM,2022,752
2022 LF,DOM,2023,1380
2022 LF,DOM,2024,2087
2022 LF,DOM,2025,2844
2022 LF,DOM,2026,3604
2022 LF,DOM,2027,3840
2022 LF,DOM,2028,4079
2022 LF,DOM,2029,4353
2022 LF,DOM,2030,4600
2022 LF,DOM,2031,4857
2022 LF,DOM,2032,5100
2022 LF,DOM,2033,5361
2022 LF,DOM,2034,5600
2022 LF,DOM,2035,5895
2022 LF,DOM,2036,6188
2022 LF,DOM,2037,6444
2022 LF,PJM RTO,2022,897
2022 LF,PJM RTO,2023,1643
2022 LF,PJM RTO,2024,2344
2022 LF,PJM RTO,2025,3061
2022 LF,PJM RTO,2026,3885
2022 LF,PJM RTO,2027,4166
2022 LF,PJM RTO,2028,4441
2022 LF,PJM RTO,2029,4624
2022 LF,PJM RTO,2030,4834
2022 LF,PJM RTO,2031,5118
2022 LF,PJM RTO,2032,5505
2022 LF,PJM RTO,2033,5754
2022 LF,PJM RTO,2034,6002
2022 LF,PJM RTO,2035,6297
2022 LF,PJM RTO,2036,6588
2022 LF,PJM RTO,2037,6798
2023 LF,AE,2023,0
2023 LF,AE,2024,0
2023 LF,AE,2025,0
2023 LF,AE,2026,0
2023 LF,AE,2027,0
2023 LF,AE,2028,0
2023 LF,AE,2029,0
2023 LF,AE,2030,0
2023 LF,AE,2031,0
2023 LF,AE,2032,0
2023 LF,AE,2033,0
2023 LF,AE,2034,0
2023 LF,AE,2035,0
2023 LF,AE,2036,0
2023 LF,AE,2037,0
2023 LF,AE,2038,0
2023 LF,BGE,2023,0
2023 LF,BGE,2024,0
2023 LF,BGE,2025,0
2023 LF,BGE,2026,0
2023 LF,BGE,2027,0
2023 LF,BGE,2028,0
2023 LF,BGE,2029,0
2023 LF,BGE,2030,0
2023 LF,BGE,2031,0
2023 LF,BGE,2032,0
2023 LF,BGE,2033,0
2023 LF,BGE,2034,0
2023 LF,BGE,2035,0
2023 LF,BGE,2036,0
2023 LF,BGE,2037,0
2023 LF,BGE,2038,0
2023 LF,DPL,2023,0
2023 LF,DPL,2024,0
2023 LF,DPL,2025,0
2023 LF,DPL,2026,0
2023 LF,DPL,2027,0
2023 LF,DPL,2028,0
2023 LF,DPL,2029,0
2023 LF,DPL,2030,0
2023 LF,DPL,2031,0
2023 LF,DPL,2032,0
2023 LF,DPL,2033,0
2023 LF,DPL,2034,0
2023 LF,DPL,2035,0
2023 LF,DPL,2036,0
2023 LF,DPL,2037,0
2023 LF,DPL,2038,0
2023 LF,JCPL,2023,0
2023 LF,JCPL,2024,0
2023 LF,JCPL,2025,0
2023 LF,JCPL,2026,0
2023 LF,JCPL,2027,0
2023 LF,JCPL,2028,0
2023 LF,JCPL,2029,0
2023 LF,JCPL,2030,0
2023 LF,JCPL,2031,0
2023 LF,JCPL,2032,0
2023 LF,JCPL,2033,0
2023 LF,JCPL,2034,0
2023 LF,JCPL,2035,0
2023 LF,JCPL,2036,0
2023 LF,JCPL,2037,0
2023 LF,JCPL,2038,0
2023 LF,METED,2023,0
2023 LF,METED,2024,0
2023 LF,METED,2025,0
2023 LF,METED,2026,0
2023 LF,METED,2027,0
2023 LF,METED,2028,0
2023 LF,METED,2029,0
2023 LF,METED,2030,0
2023 LF,METED,2031,0
2023 LF,METED,2032,0
2023 LF,METED,2033,0
2023 LF,METED,2034,0
2023 LF,METED,2035,0
2023 LF,METED,2036,0
2023 LF,METED,2037,0
2023 LF,METED,2038,0
2023 LF,PECO,2023,0
2023 LF,PECO,2024,0
2023 LF,PECO,2025,0
2023 LF,PECO,2026,0
2023 LF,PECO,2027,0
2023 LF,PECO,2028,0
2023 LF,PECO,2029,0
2023 LF,PECO,2030,0
2023 LF,PECO,2031,0
2023 LF,PECO,2032,0
2023 LF,PECO,2033,0
2023 LF,PECO,2034,0
2023 LF,PECO,2035,0
2023 LF,PECO,2036,0
2023 LF,PECO,2037,0
2023 LF,PECO,2038,0
2023 LF,PENLC,2023,0
2023 LF,PENLC,2024,0
2023 LF,PENLC,2025,0
2023 LF,PENLC,2026,0
2023 LF,PENLC,2027,0
2023 LF,PENLC,2028,0
2023 LF,PENLC,2029,0
2023 LF,PENLC,2030,0
2023 LF,PENLC,2031,0
2023 LF,PENLC,2032,0
2023 LF,PENLC,2033,0
2023 LF,PENLC,2034,0
2023 LF,PENLC,2035,0
2023 LF,PENLC,2036,0
2023 LF,PENLC,2037,0
2023 LF,PENLC,2038,0
2023 LF,PEPCO,2023,0
2023 LF,PEPCO,2024,0
2023 LF,PEPCO,2025,0
2023 LF,PEPCO,2026,0
2023 LF,PEPCO,2027,0
2023 LF,PEPCO,2028,0
2023 LF,PEPCO,2029,0
2023 LF,PEPCO,2030,0
2023 LF,PEPCO,2031,0
2023 LF,PEPCO,2032,0
2023 LF,PEPCO,2033,0
2023 LF,PEPCO,2034,0
2023 LF,PEPCO,2035,0
2023 LF,PEPCO,2036,0
2023 LF,PEPCO,2037,0
2023 LF,PEPCO,2038,0
2023 LF,PL,2023,25
2023 LF,PL,2024,25
2023 LF,PL,2025,25
2023 LF,PL,2026,25
2023 LF,PL,2027,25
2023 LF,PL,2028,25
2023 LF,PL,2029,25
2023 LF,PL,2030,25
2023 LF,PL,2031,25
2023 LF,PL,2032,25
2023 LF,PL,2033,25
2023 LF,PL,2034,25
2023 LF,PL,2035,25
2023 LF,PL,2036,25
2023 LF,PL,2037,25
2023 LF,PL,2038,25
2023 LF,PS,2023,0
2023 LF,PS,2024,0
2023 LF,PS,2025,0
2023 LF,PS,2026,0
2023 LF,PS,2027,0
2023 LF,PS,2028,0
2023 LF,PS,2029,0
2023 LF,PS,2030,0
2023 LF,PS,2031,0
2023 LF,PS,2032,0
2023 LF,PS,2033,0
2023 LF,PS,2034,0
2023 LF,PS,2035,0
2023 LF,PS,2036,0
2023 LF,PS,2037,0
2023 LF,PS,2038,0
2023 LF,RECO,2023,0
2023 LF,RECO,2024,0
2023 LF,RECO,2025,0
2023 LF,RECO,2026,0
2023 LF,RECO,2027,0
2023 LF,RECO,2028,0
2023 LF,RECO,2029,0
2023 LF,RECO,2030,0
2023 LF,RECO,2031,0
2023 LF,RECO,2032,0
2023 LF,RECO,2033,0
2023 LF,RECO,2034,0
2023 LF,RECO,2035,0
2023 LF,RECO,2036,0
2023 LF,RECO,2037,0
2023 LF,RECO,2038,0
2023 LF,UGI,2023,0
2023 LF,UGI,2024,0
2023 LF,UGI,2025,0
2023 LF,UGI,2026,0
2023 LF,UGI,2027,0
2023 LF,UGI,2028,0
2023 LF,UGI,2029,0
2023 LF,UGI,2030,0
2023 LF,UGI,2031,0
2023 LF,UGI,2032,0
2023 LF,UGI,2033,0
2023 LF,UGI,2034,0
2023 LF,UGI,2035,0
2023 LF,UGI,2036,0
2023 LF,UGI,2037,0
2023 LF,UGI,2038,0
2023 LF,AEP,2023,90
2023 LF,AEP,2024,248
2023 LF,AEP,2025,248
2023 LF,AEP,2026,248
2023 LF,AEP,2027,248
2023 LF,AEP,2028,248
2023 LF,AEP,2029,248
2023 LF,AEP,2030,248
2023 LF,AEP,2031,248
2023 LF,AEP,2032,248
2023 LF,AEP,2033,248
2023 LF,AEP,2034,248
2023 LF,AEP,2035,248
2023 LF,AEP,2036,248
2023 LF,AEP,2037,248
2023 LF,AEP,2038,248
2023 LF,APS,2023,1
2023 LF,APS,2024,85
2023 LF,APS,2025,409
2023 LF,APS,2026,597
2023 LF,APS,2027,785
2023 LF,APS,2028,856
2023 LF,APS,2029,856
2023 LF,APS,2030,856
2023 LF,APS,2031,856
2023 LF,APS,2032,856
2023 LF,APS,2033,856
2023 LF,APS,2034,856
2023 LF,APS,2035,856
2023 LF,APS,2036,856
2023 LF,APS,2037,856
2023 LF,APS,2038,856
2023 LF,ATSI,2023,55
2023 LF,ATSI,2024,55
2023 LF,ATSI,2025,55
2023 LF,ATSI,2026,55
2023 LF,ATSI,2027,55
2023 LF,ATSI,2028,55
2023 LF,ATSI,2029,55
2023 LF,ATSI,2030,55
2023 LF,ATSI,2031,55
2023 LF,ATSI,2032,55
2023 LF,ATSI,2033,55
2023 LF,ATSI,2034,55
2023 LF,ATSI,2035,55
2023 LF,ATSI,2036,55
2023 LF,ATSI,2037,55
2023 LF,ATSI,2038,55
2023 LF,COMED,2023,0
2023 LF,COMED,2024,0
2023 LF,COMED,2025,0
2023 LF,COMED,2026,0
2023 LF,COMED,2027,0
2023 LF,COMED,2028,0
2023 LF,COMED,2029,0
2023 LF,COMED,2030,0
2023 LF,COMED,2031,0
2023 LF,COMED,2032,0
2023 LF,COMED,2033,0
2023 LF,COMED,2034,0
2023 LF,COMED,2035,0
2023 LF,COMED,2036,0
2023 LF,COMED,2037,0
2023 LF,COMED,2038,0
2023 LF,DAYTON,2023,0
2023 LF,DAYTON,2024,0
2023 LF,DAYTON,2025,0
2023 LF,DAYTON,2026,0
2023 LF,DAYTON,2027,0
2023 LF,DAYTON,2028,0
2023 LF,DAYTON,2029,0
2023 LF,DAYTON,2030,0
2023 LF,DAYTON,2031,0
2023 LF,DAYTON,2032,0
2023 LF,DAYTON,2033,0
2023 LF,DAYTON,2034,0
2023 LF,DAYTON,2035,0
2023 LF,DAYTON,2036,0
2023 LF,DAYTON,2037,0
2023 LF,DAYTON,2038,0
2023 LF,DEOK,2023,0
2023 LF,DEOK,2024,0
2023 LF,DEOK,2025,0
2023 LF,DEOK,2026,0
2023 LF,DEOK,2027,0
2023 LF,DEOK,2028,0
2023 LF,DEOK,2029,0
2023 LF,DEOK,2030,0
2023 LF,DEOK,2031,0
2023 LF,DEOK,2032,0
2023 LF,DEOK,2033,0
2023 LF,DEOK,2034,0
2023 LF,DEOK,2035,0
2023 LF,DEOK,2036,0
2023 LF,DEOK,2037,0
2023 LF,DEOK,2038,0
2023 LF,DLCO,2023,0
2023 LF,DLCO,2024,0
2023 LF,DLCO,2025,0
2023 LF,DLCO,2026,0
2023 LF,DLCO,2027,0
2023 LF,DLCO,2028,0
2023 LF,DLCO,2029,0
2023 LF,DLCO,2030,0
2023 LF,DLCO,2031,0
2023 LF,DLCO,2032,0
2023 LF,DLCO,2033,0
2023 LF,DLCO,2034,0
2023 LF,DLCO,2035,0
2023 LF,DLCO,2036,0
2023 LF,DLCO,2037,0
2023 LF,DLCO,2038,0
2023 LF,EKPC,2023,-8
2023 LF,EKPC,2024,-8
2023 LF,EKPC,2025,-8
2023 LF,EKPC,2026,-8
2023 LF,EKPC,2027,-8
2023 LF,EKPC,2028,-8
2023 LF,EKPC,2029,-8
2023 LF,EKPC,2030,-8
2023 LF,EKPC,2031,-8
2023 LF,EKPC,2032,-8
2023 LF,EKPC,2033,-8
2023 LF,EKPC,2034,-8
2023 LF,EKPC,2035,-8
2023 LF,EKPC,2036,-8
2023 LF,EKPC,2037,-8
2023 LF,EKPC,2038,-8
2023 LF,DOM,2023,2068
2023 LF,DOM,2024,2988
2023 LF,DOM,2025,3926
2023 LF,DOM,2026,5678
2023 LF,DOM,2027,7196
2023 LF,DOM,2028,8690
2023 LF,DOM,2029,10160
2023 LF,DOM,2030,11586
2023 LF,DOM,2031,13016
2023 LF,DOM,2032,14426
2023 LF,DOM,2033,15717
2023 LF,DOM,2034,16878
2023 LF,DOM,2035,17962
2023 LF,DOM,2036,19030
2023 LF,DOM,2037,20124
2023 LF,DOM,2038,21310
2023 LF,PJM RTO,2023,2231
2023 LF,PJM RTO,2024,3393
2023 LF,PJM RTO,2025,4654
2023 LF,PJM RTO,2026,6594
2023 LF,PJM RTO,2027,8300
2023 LF,PJM RTO,2028,9866
2023 LF,PJM RTO,2029,11336
2023 LF,PJM RTO,2030,12762
2023 LF,PJM RTO,2031,14192
2023 LF,PJM RTO,2032,15602
2023 LF,PJM RTO,2033,16893
2023 LF,PJM RTO,2034,18054
2023 LF,PJM RTO,2035,19139
2023 LF,PJM RTO,2036,20206
2023 LF,PJM RTO,2037,21300
2023 LF,PJM RTO,2038,22486
2024 LF,AE,2024,0
2024 LF,AE,2025,0
2024 LF,AE,2026,0
2024 LF,AE,2027,0
2024 LF,AE,2028,0
2024 LF,AE,2029,0
2024 LF,AE,2030,0
2024 LF,AE,2031,0
2024 LF,AE,2032,0
2024 LF,AE,2033,0
2024 LF,AE,2034,0
2024 LF,AE,2035,0
2024 LF,AE,2036,0
2024 LF,AE,2037,0
2024 LF,AE,2038,0
2024 LF,AE,2039,0
2024 LF,BGE,2024,0
2024 LF,BGE,2025,0
2024 LF,BGE,2026,0
2024 LF,BGE,2027,0
2024 LF,BGE,2028,0
2024 LF,BGE,2029,0
2024 LF,BGE,2030,0
2024 LF,BGE,2031,0
2024 LF,BGE,2032,0
2024 LF,BGE,2033,0
2024 LF,BGE,2034,0
2024 LF,BGE,2035,0
2024 LF,BGE,2036,0
2024 LF,BGE,2037,0
2024 LF,BGE,2038,0
2024 LF,BGE,2039,0
2024 LF,DPL,2024,0
2024 LF,DPL,2025,0
2024 LF,DPL,2026,0
2024 LF,DPL,2027,0
2024 LF,DPL,2028,0
2024 LF,DPL,2029,0
2024 LF,DPL,2030,0
2024 LF,DPL,2031,0
2024 LF,DPL,2032,0
2024 LF,DPL,2033,0
2024 LF,DPL,2034,0
2024 LF,DPL,2035,0
2024 LF,DPL,2036,0
2024 LF,DPL,2037,0
2024 LF,DPL,2038,0
2024 LF,DPL,2039,0
2024 LF,JCPL,2024,0
2024 LF,JCPL,2025,0
2024 LF,JCPL,2026,0
2024 LF,JCPL,2027,0
2024 LF,JCPL,2028,0
2024 LF,JCPL,2029,0
2024 LF,JCPL,2030,0
2024 LF,JCPL,2031,0
2024 LF,JCPL,2032,0
2024 LF,JCPL,2033,0
2024 LF,JCPL,2034,0
2024 LF,JCPL,2035,0
2024 LF,JCPL,2036,0
2024 LF,JCPL,2037,0
2024 LF,JCPL,2038,0
2024 LF,JCPL,2039,0
2024 LF,METED,2024,0
2024 LF,METED,2025,0
2024 LF,METED,2026,0
2024 LF,METED,2027,0
2024 LF,METED,2028,0
2024 LF,METED,2029,0
2024 LF,METED,2030,0
2024 LF,METED,2031,0
2024 LF,METED,2032,0
2024 LF,METED,2033,0
2024 LF,METED,2034,0
2024 LF,METED,2035,0
2024 LF,METED,2036,0
2024 LF,METED,2037,0
2024 LF,METED,2038,0
2024 LF,METED,2039,0
2024 LF,PECO,2024,0
2024 LF,PECO,2025,0
2024 LF,PECO,2026,0
2024 LF,PECO,2027,0
2024 LF,PECO,2028,0
2024 LF,PECO,2029,0
2024 LF,PECO,2030,0
2024 LF,PECO,2031,0
2024 LF,PECO,2032,0
2024 LF,PECO,2033,0
2024 LF,PECO,2034,0
2024 LF,PECO,2035,0
2024 LF,PECO,2036,0
2024 LF,PECO,2037,0
2024 LF,PECO,2038,0
2024 LF,PECO,2039,0
2024 LF,PENLC,2024,1
2024 LF,PENLC,2025,1
2024 LF,PENLC,2026,1
2024 LF,PENLC,2027,1
2024 LF,PENLC,2028,1
2024 LF,PENLC,2029,1
2024 LF,PENLC,2030,1
2024 LF,PENLC,2031,1
2024 LF,PENLC,2032,1
2024 LF,PENLC,2033,1
2024 LF,PENLC,2034,1
2024 LF,PENLC,2035,1
2024 LF,PENLC,2036,1
2024 LF,PENLC,2037,1
2024 LF,PENLC,2038,1
2024 LF,PENLC,2039,1
2024 LF,PEPCO,2024,0
2024 LF,PEPCO,2025,0
2024 LF,PEPCO,2026,0
2024 LF,PEPCO,2027,0
2024 LF,PEPCO,2028,0
2024 LF,PEPCO,2029,0
2024 LF,PEPCO,2030,0
2024 LF,PEPCO,2031,0
2024 LF,PEPCO,2032,0
2024 LF,PEPCO,2033,0
2024 LF,PEPCO,2034,0
2024 LF,PEPCO,2035,0
2024 LF,PEPCO,2036,0
2024 LF,PEPCO,2037,0
2024 LF,PEPCO,2038,0
2024 LF,PEPCO,2039,0
2024 LF,PL,2024,3
2024 LF,PL,2025,3
2024 LF,PL,2026,3
2024 LF,PL,2027,3
2024 LF,PL,2028,3
2024 LF,PL,2029,3
2024 LF,PL,2030,3
2024 LF,PL,2031,3
2024 LF,PL,2032,3
2024 LF,PL,2033,3
2024 LF,PL,2034,3
2024 LF,PL,2035,3
2024 LF,PL,2036,3
2024 LF,PL,2037,3
2024 LF,PL,2038,3
2024 LF,PL,2039,3
2024 LF,PS,2024,16
2024 LF,PS,2025,49
2024 LF,PS,2026,83
2024 LF,PS,2027,142
2024 LF,PS,2028,197
2024 LF,PS,2029,252
2024 LF,PS,2030,295
2024 LF,PS,2031,298
2024 LF,PS,2032,312
2024 LF,PS,2033,329
2024 LF,PS,2034,347
2024 LF,PS,2035,364
2024 LF,PS,2036,383
2024 LF,PS,2037,401
2024 LF,PS,2038,420
2024 LF,PS,2039,439
2024 LF,RECO,2024,0
2024 LF,RECO,2025,0
2024 LF,RECO,2026,0
2024 LF,RECO,2027,0
2024 LF,RECO,2028,0
2024 LF,RECO,2029,0
2024 LF,RECO,2030,0
2024 LF,RECO,2031,0
2024 LF,RECO,2032,0
2024 LF,RECO,2033,0
2024 LF,RECO,2034,0
2024 LF,RECO,2035,0
2024 LF,RECO,2036,0
2024 LF,RECO,2037,0
2024 LF,RECO,2038,0
2024 LF,RECO,2039,0
2024 LF,UGI,2024,0
2024 LF,UGI,2025,0
2024 LF,UGI,2026,0
2024 LF,UGI,2027,0
2024 LF,UGI,2028,0
2024 LF,UGI,2029,0
2024 LF,UGI,2030,0
2024 LF,UGI,2031,0
2024 LF,UGI,2032,0
2024 LF,UGI,2033,0
2024 LF,UGI,2034,0
2024 LF,UGI,2035,0
2024 LF,UGI,2036,0
2024 LF,UGI,2037,0
2024 LF,UGI,2038,0
2024 LF,UGI,2039,0
2024 LF,AEP,2024,767
2024 LF,AEP,2025,1738
2024 LF,AEP,2026,2419
2024 LF,AEP,2027,2871
2024 LF,AEP,2028,3218
2024 LF,AEP,2029,3432
2024 LF,AEP,2030,3544
2024 LF,AEP,2031,3638
2024 LF,AEP,2032,3626
2024 LF,AEP,2033,3627
2024 LF,AEP,2034,3634
2024 LF,AEP,2035,3621
2024 LF,AEP,2036,3641
2024 LF,AEP,2037,3647
2024 LF,AEP,2038,3638
2024 LF,AEP,2039,3624
2024 LF,APS,2024,73
2024 LF,APS,2025,213
2024 LF,APS,2026,566
2024 LF,APS,2027,803
2024 LF,APS,2028,803
2024 LF,APS,2029,803
2024 LF,APS,2030,803
2024 LF,APS,2031,803
2024 LF,APS,2032,803
2024 LF,APS,2033,803
2024 LF,APS,2034,803
2024 LF,APS,2035,803
2024 LF,APS,2036,803
2024 LF,APS,2037,803
2024 LF,APS,2038,803
2024 LF,APS,2039,803
2024 LF,ATSI,2024,2
2024 LF,ATSI,2025,2
2024 LF,ATSI,2026,2
2024 LF,ATSI,2027,2
2024 LF,ATSI,2028,2
2024 LF,ATSI,2029,2
2024 LF,ATSI,2030,2
2024 LF,ATSI,2031,2
2024 LF,ATSI,2032,2
2024 LF,ATSI,2033,2
2024 LF,ATSI,2034,2
2024 LF,ATSI,2035,2
2024 LF,ATSI,2036,2
2024 LF,ATSI,2037,2
2024 LF,ATSI,2038,2
2024 LF,ATSI,2039,2
2024 LF,COMED,2024,0
2024 LF,COMED,2025,0
2024 LF,COMED,2026,0
2024 LF,COMED,2027,0
2024 LF,COMED,2028,0
2024 LF,COMED,2029,0
2024 LF,COMED,2030,0
2024 LF,COMED,2031,0
2024 LF,COMED,2032,0
2024 LF,COMED,2033,0
2024 LF,COMED,2034,0
2024 LF,COMED,2035,0
2024 LF,COMED,2036,0
2024 LF,COMED,2037,0
2024 LF,COMED,2038,0
2024 LF,COMED,2039,0
2024 LF,DAYTON,2024,2
2024 LF,DAYTON,2025,2
2024 LF,DAYTON,2026,2
2024 LF,DAYTON,2027,2
2024 LF,DAYTON,2028,2
2024 LF,DAYTON,2029,2
2024 LF,DAYTON,2030,2
2024 LF,DAYTON,2031,2
2024 LF,DAYTON,2032,2
2024 LF,DAYTON,2033,2
2024 LF,DAYTON,2034,2
2024 LF,DAYTON,2035,2
2024 LF,DAYTON,2036,2
2024 LF,DAYTON,2037,2
2024 LF,DAYTON,2038,2
2024 LF,DAYTON,2039,2
2024 LF,DEOK,2024,6
2024 LF,DEOK,2025,6
2024 LF,DEOK,2026,6
2024 LF,DEOK,2027,6
2024 LF,DEOK,2028,6
2024 LF,DEOK,2029,6
2024 LF,DEOK,2030,6
2024 LF,DEOK,2031,6
2024 LF,DEOK,2032,6
2024 LF,DEOK,2033,6
2024 LF,DEOK,2034,6
2024 LF,DEOK,2035,6
2024 LF,DEOK,2036,6
2024 LF,DEOK,2037,6
2024 LF,DEOK,2038,6
2024 LF,DEOK,2039,6
2024 LF,DLCO,2024,0
2024 LF,DLCO,2025,0
2024 LF,DLCO,2026,0
2024 LF,DLCO,2027,0
2024 LF,DLCO,2028,0
2024 LF,DLCO,2029,0
2024 LF,DLCO,2030,0
2024 LF,DLCO,2031,0
2024 LF,DLCO,2032,0
2024 LF,DLCO,2033,0
2024 LF,DLCO,2034,0
2024 LF,DLCO,2035,0
2024 LF,DLCO,2036,0
2024 LF,DLCO,2037,0
2024 LF,DLCO,2038,0
2024 LF,DLCO,2039,0
2024 LF,EKPC,2024,-5
2024 LF,EKPC,2025,-5
2024 LF,EKPC,2026,-5
2024 LF,EKPC,2027,-5
2024 LF,EKPC,2028,-5
2024 LF,EKPC,2029,-5
2024 LF,EKPC,2030,-5
2024 LF,EKPC,2031,-5
2024 LF,EKPC,2032,-5
2024 LF,EKPC,2033,-5
2024 LF,EKPC,2034,-5
2024 LF,EKPC,2035,-5
2024 LF,EKPC,2036,-5
2024 LF,EKPC,2037,-5
2024 LF,EKPC,2038,-5
2024 LF,EKPC,2039,-5
2024 LF,OVEC,2024,0
2024 LF,OVEC,2025,0
2024 LF,OVEC,2026,0
2024 LF,OVEC,2027,0
2024 LF,OVEC,2028,0
2024 LF,OVEC,2029,0
2024 LF,OVEC,2030,0
2024 LF,OVEC,2031,0
2024 LF,OVEC,2032,0
2024 LF,OVEC,2033,0
2024 LF,OVEC,2034,0
2024 LF,OVEC,2035,0
2024 LF,OVEC,2036,0
2024 LF,OVEC,2037,0
2024 LF,OVEC,2038,0
2024 LF,OVEC,2039,0
2024 LF,DOM,2024,1801
2024 LF,DOM,2025,2666
2024 LF,DOM,2026,4482
2024 LF,DOM,2027,6241
2024 LF,DOM,2028,8417
2024 LF,DOM,2029,10263
2024 LF,DOM,2030,11831
2024 LF,DOM,2031,13118
2024 LF,DOM,2032,14319
2024 LF,DOM,2033,15491
2024 LF,DOM,2034,16605
2024 LF,DOM,2035,17610
2024 LF,DOM,2036,18521
2024 LF,DOM,2037,19514
2024 LF,DOM,2038,20533
2024 LF,DOM,2039,21563
2024 LF,PJM RTO,2024,2664
2024 LF,PJM RTO,2025,4673
2024 LF,PJM RTO,2026,7557
2024 LF,PJM RTO,2027,10064
2024 LF,PJM RTO,2028,12643
2024 LF,PJM RTO,2029,14757
2024 LF,PJM RTO,2030,16480
2024 LF,PJM RTO,2031,17864
2024 LF,PJM RTO,2032,19067
2024 LF,PJM RTO,2033,20258
2024 LF,PJM RTO,2034,21397
2024 LF,PJM RTO,2035,22406
2024 LF,PJM RTO,2036,23355
2024 LF,PJM RTO,2037,24372
2024 LF,PJM RTO,2038,25403
2024 LF,PJM RTO,2039,26436
2025 LF,AE,2025,0
2025 LF,AE,2026,0
2025 LF,AE,2027,0
2025 LF,AE,2028,0
2025 LF,AE,2029,0
2025 LF,AE,2030,0
2025 LF,AE,2031,0
2025 LF,AE,2032,0
2025 LF,AE,2033,0
2025 LF,AE,2034,0
2025 LF,AE,2035,0
2025 LF,AE,2036,0
2025 LF,AE,2037,0
2025 LF,AE,2038,0
2025 LF,AE,2039,0
2025 LF,AE,2040,0
2025 LF,AE,2041,0
2025 LF,AE,2042,0
2025 LF,AE,2043,0
2025 LF,AE,2044,0
2025 LF,AE,2045,0
2025 LF,BGE,2025,12
2025 LF,BGE,2026,20
2025 LF,BGE,2027,27
2025 LF,BGE,2028,36
2025 LF,BGE,2029,80
2025 LF,BGE,2030,124
2025 LF,BGE,2031,168
2025 LF,BGE,2032,208
2025 LF,BGE,2033,245
2025 LF,BGE,2034,282
2025 LF,BGE,2035,318
2025 LF,BGE,2036,354
2025 LF,BGE,2037,355
2025 LF,BGE,2038,354
2025 LF,BGE,2039,354
2025 LF,BGE,2040,354
2025 LF,BGE,2041,354
2025 LF,BGE,2042,354
2025 LF,BGE,2043,354
2025 LF,BGE,2044,354
2025 LF,BGE,2045,354
2025 LF,DPL,2025,0
2025 LF,DPL,2026,0
2025 LF,DPL,2027,0
2025 LF,DPL,2028,0
2025 LF,DPL,2029,0
2025 LF,DPL,2030,0
2025 LF,DPL,2031,0
2025 LF,DPL,2032,0
2025 LF,DPL,2033,0
2025 LF,DPL,2034,0
2025 LF,DPL,2035,0
2025 LF,DPL,2036,0
2025 LF,DPL,2037,0
2025 LF,DPL,2038,0
2025 LF,DPL,2039,0
2025 LF,DPL,2040,0
2025 LF,DPL,2041,0
2025 LF,DPL,2042,0
2025 LF,DPL,2043,0
2025 LF,DPL,2044,0
2025 LF,DPL,2045,0
2025 LF,JCPL,2025,0
2025 LF,JCPL,2026,0
2025 LF,JCPL,2027,0
2025 LF,JCPL,2028,0
2025 LF,JCPL,2029,0
2025 LF,JCPL,2030,0
2025 LF,JCPL,2031,0
2025 LF,JCPL,2032,0
2025 LF,JCPL,2033,0
2025 LF,JCPL,2034,0
2025 LF,JCPL,2035,0
2025 LF,JCPL,2036,0
2025 LF,JCPL,2037,0
2025 LF,JCPL,2038,0
2025 LF,JCPL,2039,0
2025 LF,JCPL,2040,0
2025 LF,JCPL,2041,0
2025 LF,JCPL,2042,0
2025 LF,JCPL,2043,0
2025 LF,JCPL,2044,0
2025 LF,JCPL,2045,0
2025 LF,METED,2025,0
2025 LF,METED,2026,0
2025 LF,METED,2027,0
2025 LF,METED,2028,0
2025 LF,METED,2029,0
2025 LF,METED,2030,0
2025 LF,METED,2031,0
2025 LF,METED,2032,0
2025 LF,METED,2033,0
2025 LF,METED,2034,0
2025 LF,METED,2035,0
2025 LF,METED,2036,0
2025 LF,METED,2037,0
2025 LF,METED,2038,0
2025 LF,METED,2039,0
2025 LF,METED,2040,0
2025 LF,METED,2041,0
2025 LF,METED,2042,0
2025 LF,METED,2043,0
2025 LF,METED,2044,0
2025 LF,METED,2045,0
2025 LF,PECO,2025,0
2025 LF,PECO,2026,18
2025 LF,PECO,2027,71
2025 LF,PECO,2028,125
2025 LF,PECO,2029,178
2025 LF,PECO,2030,232
2025 LF,PECO,2031,285
2025 LF,PECO,2032,338
2025 LF,PECO,2033,391
2025 LF,PECO,2034,427
2025 LF,PECO,2035,427
2025 LF,PECO,2036,427
2025 LF,PECO,2037,427
2025 LF,PECO,2038,427
2025 LF,PECO,2039,427
2025 LF,PECO,2040,427
2025 LF,PECO,2041,427
2025 LF,PECO,2042,427
2025 LF,PECO,2043,427
2025 LF,PECO,2044,428
2025 LF,PECO,2045,428
2025 LF,PENLC,2025,0
2025 LF,PENLC,2026,0
2025 LF,PENLC,2027,0
2025 LF,PENLC,2028,0
2025 LF,PENLC,2029,0
2025 LF,PENLC,2030,0
2025 LF,PENLC,2031,0
2025 LF,PENLC,2032,0
2025 LF,PENLC,2033,0
2025 LF,PENLC,2034,0
2025 LF,PENLC,2035,0
2025 LF,PENLC,2036,0
2025 LF,PENLC,2037,0
2025 LF,PENLC,2038,0
2025 LF,PENLC,2039,0
2025 LF,PENLC,2040,0
2025 LF,PENLC,2041,0
2025 LF,PENLC,2042,0
2025 LF,PENLC,2043,0
2025 LF,PENLC,2044,0
2025 LF,PENLC,2045,0
2025 LF,PEPCO,2025,0
2025 LF,PEPCO,2026,0
2025 LF,PEPCO,2027,0
2025 LF,PEPCO,2028,0
2025 LF,PEPCO,2029,0
2025 LF,PEPCO,2030,0
2025 LF,PEPCO,2031,0
2025 LF,PEPCO,2032,0
2025 LF,PEPCO,2033,0
2025 LF,PEPCO,2034,0
2025 LF,PEPCO,2035,0
2025 LF,PEPCO,2036,0
2025 LF,PEPCO,2037,0
2025 LF,PEPCO,2038,0
2025 LF,PEPCO,2039,0
2025 LF,PEPCO,2040,0
2025 LF,PEPCO,2041,0
2025 LF,PEPCO,2042,0
2025 LF,PEPCO,2043,0
2025 LF,PEPCO,2044,0
2025 LF,PEPCO,2045,0
2025 LF,PL,2025,93
2025 LF,PL,2026,484
2025 LF,PL,2027,1528
2025 LF,PL,2028,2753
2025 LF,PL,2029,3955
2025 LF,PL,2030,4650
2025 LF,PL,2031,5104
2025 LF,PL,2032,5328
2025 LF,PL,2033,5529
2025 LF,PL,2034,5529
2025 LF,PL,2035,5528
2025 LF,PL,2036,5526
2025 LF,PL,2037,5525
2025 LF,PL,2038,5525
2025 LF,PL,2039,5525
2025 LF,PL,2040,5526
2025 LF,PL,2041,5525
2025 LF,PL,2042,5525
2025 LF,PL,2043,5526
2025 LF,PL,2044,5527
2025 LF,PL,2045,5528
2025 LF,PS,2025,142
2025 LF,PS,2026,315
2025 LF,PS,2027,446
2025 LF,PS,2028,709
2025 LF,PS,2029,815
2025 LF,PS,2030,999
2025 LF,PS,2031,1071
2025 LF,PS,2032,1082
2025 LF,PS,2033,1116
2025 LF,PS,2034,1116
2025 LF,PS,2035,1125
2025 LF,PS,2036,1115
2025 LF,PS,2037,1133
2025 LF,PS,2038,1128
2025 LF,PS,2039,1125
2025 LF,PS,2040,1131
2025 LF,PS,2041,1139
2025 LF,PS,2042,1131
2025 LF,PS,2043,1138
2025 LF,PS,2044,1138
2025 LF,PS,2045,1128
2025 LF,RECO,2025,0
2025 LF,RECO,2026,0
2025 LF,RECO,2027,0
2025 LF,RECO,2028,0
2025 LF,RECO,2029,0
2025 LF,RECO,2030,0
2025 LF,RECO,2031,0
2025 LF,RECO,2032,0
2025 LF,RECO,2033,0
2025 LF,RECO,2034,0
2025 LF,RECO,2035,0
2025 LF,RECO,2036,0
2025 LF,RECO,2037,0
2025 LF,RECO,2038,0
2025 LF,RECO,2039,0
2025 LF,RECO,2040,0
2025 LF,RECO,2041,0
2025 LF,RECO,2042,0
2025 LF,RECO,2043,0
2025 LF,RECO,2044,0
2025 LF,RECO,2045,0
2025 LF,UGI,2025,0
2025 LF,UGI,2026,0
2025 LF,UGI,2027,0
2025 LF,UGI,2028,0
2025 LF,UGI,2029,0
2025 LF,UGI,2030,0
2025 LF,UGI,2031,0
2025 LF,UGI,2032,0
2025 LF,UGI,2033,0
2025 LF,UGI,2034,0
2025 LF,UGI,2035,0
2025 LF,UGI,2036,0
2025 LF,UGI,2037,0
2025 LF,UGI,2038,0
2025 LF,UGI,2039,0
2025 LF,UGI,2040,0
2025 LF,UGI,2041,0
2025 LF,UGI,2042,0
2025 LF,UGI,2043,0
2025 LF,UGI,2044,0
2025 LF,UGI,2045,0
2025 LF,AEP,2025,1412
2025 LF,AEP,2026,3621
2025 LF,AEP,2027,4818
2025 LF,AEP,2028,5866
2025 LF,AEP,2029,6980
2025 LF,AEP,2030,9990
2025 LF,AEP,2031,13903
2025 LF,AEP,2032,17708
2025 LF,AEP,2033,17790
2025 LF,AEP,2034,17790
2025 LF,AEP,2035,17788
2025 LF,AEP,2036,17766
2025 LF,AEP,2037,17786
2025 LF,AEP,2038,17785
2025 LF,AEP,2039,17790
2025 LF,AEP,2040,17803
2025 LF,AEP,2041,17779
2025 LF,AEP,2042,17795
2025 LF,AEP,2043,17806
2025 LF,AEP,2044,17797
2025 LF,AEP,2045,17791
2025 LF,APS,2025,8
2025 LF,APS,2026,170
2025 LF,APS,2027,412
2025 LF,APS,2028,649
2025 LF,APS,2029,998
2025 LF,APS,2030,1214
2025 LF,APS,2031,1490
2025 LF,APS,2032,1810
2025 LF,APS,2033,2027
2025 LF,APS,2034,2196
2025 LF,APS,2035,2239
2025 LF,APS,2036,2240
2025 LF,APS,2037,2240
2025 LF,APS,2038,2240
2025 LF,APS,2039,2240
2025 LF,APS,2040,2240
2025 LF,APS,2041,2240
2025 LF,APS,2042,2239
2025 LF,APS,2043,2240
2025 LF,APS,2044,2240
2025 LF,APS,2045,2240
2025 LF,ATSI,2025,56
2025 LF,ATSI,2026,161
2025 LF,ATSI,2027,307
2025 LF,ATSI,2028,506
2025 LF,ATSI,2029,859
2025 LF,ATSI,2030,1477
2025 LF,ATSI,2031,2060
2025 LF,ATSI,2032,2499
2025 LF,ATSI,2033,2722
2025 LF,ATSI,2034,2791
2025 LF,ATSI,2035,2792
2025 LF,ATSI,2036,2790
2025 LF,ATSI,2037,2790
2025 LF,ATSI,2038,2790
2025 LF,ATSI,2039,2790
2025 LF,ATSI,2040,2791
2025 LF,ATSI,2041,2791
2025 LF,ATSI,2042,2790
2025 LF,ATSI,2043,2791
2025 LF,ATSI,2044,2792
2025 LF,ATSI,2045,2793
2025 LF,COMED,2025,190
2025 LF,COMED,2026,555
2025 LF,COMED,2027,893
2025 LF,COMED,2028,1278
2025 LF,COMED,2029,1788
2025 LF,COMED,2030,2311
2025 LF,COMED,2031,2850
2025 LF,COMED,2032,3356
2025 LF,COMED,2033,3827
2025 LF,COMED,2034,4251
2025 LF,COMED,2035,4499
2025 LF,COMED,2036,4613
2025 LF,COMED,2037,4625
2025 LF,COMED,2038,4666
2025 LF,COMED,2039,4659
2025 LF,COMED,2040,4634
2025 LF,COMED,2041,4617
2025 LF,COMED,2042,4618
2025 LF,COMED,2043,4619
2025 LF,COMED,2044,4639
2025 LF,COMED,2045,4613
2025 LF,DAYTON,2025,0
2025 LF,DAYTON,2026,0
2025 LF,DAYTON,2027,297
2025 LF,DAYTON,2028,335
2025 LF,DAYTON,2029,335
2025 LF,DAYTON,2030,335
2025 LF,DAYTON,2031,334
2025 LF,DAYTON,2032,334
2025 LF,DAYTON,2033,334
2025 LF,DAYTON,2034,334
2025 LF,DAYTON,2035,334
2025 LF,DAYTON,2036,334
2025 LF,DAYTON,2037,334
2025 LF,DAYTON,2038,334
2025 LF,DAYTON,2039,334
2025 LF,DAYTON,2040,334
2025 LF,DAYTON,2041,334
2025 LF,DAYTON,2042,334
2025 LF,DAYTON,2043,334
2025 LF,DAYTON,2044,334
2025 LF,DAYTON,2045,334
2025 LF,DEOK,2025,0
2025 LF,DEOK,2026,0
2025 LF,DEOK,2027,1
2025 LF,DEOK,2028,42
2025 LF,DEOK,2029,198
2025 LF,DEOK,2030,241
2025 LF,DEOK,2031,242
2025 LF,DEOK,2032,242
2025 LF,DEOK,2033,242
2025 LF,DEOK,2034,242
2025 LF,DEOK,2035,243
2025 LF,DEOK,2036,243
2025 LF,DEOK,2037,243
2025 LF,DEOK,2038,243
2025 LF,DEOK,2039,242
2025 LF,DEOK,2040,243
2025 LF,DEOK,2041,243
2025 LF,DEOK,2042,243
2025 LF,DEOK,2043,243
2025 LF,DEOK,2044,242
2025 LF,DEOK,2045,242
2025 LF,DLCO,2025,0
2025 LF,DLCO,2026,0
2025 LF,DLCO,2027,0
2025 LF,DLCO,2028,0
2025 LF,DLCO,2029,0
2025 LF,DLCO,2030,0
2025 LF,DLCO,2031,0
2025 LF,DLCO,2032,0
2025 LF,DLCO,2033,0
2025 LF,DLCO,2034,0
2025 LF,DLCO,2035,0
2025 LF,DLCO,2036,0
2025 LF,DLCO,2037,0
2025 LF,DLCO,2038,0
2025 LF,DLCO,2039,0
2025 LF,DLCO,2040,0
2025 LF,DLCO,2041,0
2025 LF,DLCO,2042,0
2025 LF,DLCO,2043,0
2025 LF,DLCO,2044,0
2025 LF,DLCO,2045,0
2025 LF,EKPC,2025,-6
2025 LF,EKPC,2026,-6
2025 LF,EKPC,2027,-6
2025 LF,EKPC,2028,-6
2025 LF,EKPC,2029,-6
2025 LF,EKPC,2030,-6
2025 LF,EKPC,2031,-6
2025 LF,EKPC,2032,-6
2025 LF,EKPC,2033,-7
2025 LF,EKPC,2034,-6
2025 LF,EKPC,2035,-6
2025 LF,EKPC,2036,-6
2025 LF,EKPC,2037,-6
2025 LF,EKPC,2038,-6
2025 LF,EKPC,2039,-6
2025 LF,EKPC,2040,-6
2025 LF,EKPC,2041,-6
2025 LF,EKPC,2042,-6
2025 LF,EKPC,2043,-6
2025 LF,EKPC,2044,-6
2025 LF,EKPC,2045,-6
2025 LF,OVEC,2025,0
2025 LF,OVEC,2026,0
2025 LF,OVEC,2027,0
2025 LF,OVEC,2028,0
2025 LF,OVEC,2029,0
2025 LF,OVEC,2030,0
2025 LF,OVEC,2031,0
2025 LF,OVEC,2032,0
2025 LF,OVEC,2033,0
2025 LF,OVEC,2034,0
2025 LF,OVEC,2035,0
2025 LF,OVEC,2036,0
2025 LF,OVEC,2037,0
2025 LF,OVEC,2038,0
2025 LF,OVEC,2039,0
2025 LF,OVEC,2040,0
2025 LF,OVEC,2041,0
2025 LF,OVEC,2042,0
2025 LF,OVEC,2043,0
2025 LF,OVEC,2044,0
2025 LF,OVEC,2045,0
2025 LF,DOM,2025,1684
2025 LF,DOM,2026,3115
2025 LF,DOM,2027,4874
2025 LF,DOM,2028,7027
2025 LF,DOM,2029,9154
2025 LF,DOM,2030,11228
2025 LF,DOM,2031,13600
2025 LF,DOM,2032,15632
2025 LF,DOM,2033,17293
2025 LF,DOM,2034,18727
2025 LF,DOM,2035,19952
2025 LF,DOM,2036,21058
2025 LF,DOM,2037,21998
2025 LF,DOM,2038,22860
2025 LF,DOM,2039,23560
2025 LF,DOM,2040,24204
2025 LF,DOM,2041,24778
2025 LF,DOM,2042,25322
2025 LF,DOM,2043,25874
2025 LF,DOM,2044,26412
2025 LF,DOM,2045,26958
2025 LF,PJM RTO,2025,3591
2025 LF,PJM RTO,2026,8453
2025 LF,PJM RTO,2027,13668
2025 LF,PJM RTO,2028,19320
2025 LF,PJM RTO,2029,25334
2025 LF,PJM RTO,2030,32795
2025 LF,PJM RTO,2031,41101
2025 LF,PJM RTO,2032,48531
2025 LF,PJM RTO,2033,51509
2025 LF,PJM RTO,2034,53679
2025 LF,PJM RTO,2035,55239
2025 LF,PJM RTO,2036,56460
2025 LF,PJM RTO,2037,57450
2025 LF,PJM RTO,2038,58346
2025 LF,PJM RTO,2039,59040
2025 LF,PJM RTO,2040,59681
2025 LF,PJM RTO,2041,60221
2025 LF,PJM RTO,2042,60772
2025 LF,PJM RTO,2043,61346
2025 LF,PJM RTO,2044,61897
2025 LF,PJM RTO,2045,62403
2026 LF,AE,2026,0
2026 LF,AE,2027,0
2026 LF,AE,2028,0
2026 LF,AE,2029,0
2026 LF,AE,2030,0
2026 LF,AE,2031,0
2026 LF,AE,2032,0
2026 LF,AE,2033,0
2026 LF,AE,2034,0
2026 LF,AE,2035,0
2026 LF,AE,2036,0
2026 LF,AE,2037,0
2026 LF,AE,2038,0
2026 LF,AE,2039,0
2026 LF,AE,2040,0
2026 LF,AE,2041,0
2026 LF,AE,2042,0
2026 LF,AE,2043,0
2026 LF,AE,2044,0
2026 LF,AE,2045,0
2026 LF,AE,2046,0
2026 LF,BGE,2026,18
2026 LF,BGE,2027,25
2026 LF,BGE,2028,43
2026 LF,BGE,2029,110
2026 LF,BGE,2030,176
2026 LF,BGE,2031,243
2026 LF,BGE,2032,307
2026 LF,BGE,2033,355
2026 LF,BGE,2034,355
2026 LF,BGE,2035,355
2026 LF,BGE,2036,355
2026 LF,BGE,2037,354
2026 LF,BGE,2038,354
2026 LF,BGE,2039,354
2026 LF,BGE,2040,354
2026 LF,BGE,2041,354
2026 LF,BGE,2042,354
2026 LF,BGE,2043,354
2026 LF,BGE,2044,354
2026 LF,BGE,2045,354
2026 LF,BGE,2046,355
2026 LF,DPL,2026,0
2026 LF,DPL,2027,0
2026 LF,DPL,2028,0
2026 LF,DPL,2029,0
2026 LF,DPL,2030,0
2026 LF,DPL,2031,0
2026 LF,DPL,2032,0
2026 LF,DPL,2033,0
2026 LF,DPL,2034,0
2026 LF,DPL,2035,0
2026 LF,DPL,2036,0
2026 LF,DPL,2037,0
2026 LF,DPL,2038,0
2026 LF,DPL,2039,0
2026 LF,DPL,2040,0
2026 LF,DPL,2041,0
2026 LF,DPL,2042,0
2026 LF,DPL,2043,0
2026 LF,DPL,2044,0
2026 LF,DPL,2045,0
2026 LF,DPL,2046,0
2026 LF,JCPL,2026,0
2026 LF,JCPL,2027,0
2026 LF,JCPL,2028,0
2026 LF,JCPL,2029,1
2026 LF,JCPL,2030,77
2026 LF,JCPL,2031,80
2026 LF,JCPL,2032,112
2026 LF,JCPL,2033,193
2026 LF,JCPL,2034,245
2026 LF,JCPL,2035,245
2026 LF,JCPL,2036,245
2026 LF,JCPL,2037,245
2026 LF,JCPL,2038,245
2026 LF,JCPL,2039,245
2026 LF,JCPL,2040,245
2026 LF,JCPL,2041,245
2026 LF,JCPL,2042,245
2026 LF,JCPL,2043,245
2026 LF,JCPL,2044,245
2026 LF,JCPL,2045,245
2026 LF,JCPL,2046,245
2026 LF,METED,2026,0
2026 LF,METED,2027,0
2026 LF,METED,2028,0
2026 LF,METED,2029,10
2026 LF,METED,2030,75
2026 LF,METED,2031,75
2026 LF,METED,2032,126
2026 LF,METED,2033,187
2026 LF,METED,2034,234
2026 LF,METED,2035,234
2026 LF,METED,2036,233
2026 LF,METED,2037,233
2026 LF,METED,2038,233
2026 LF,METED,2039,233
2026 LF,METED,2040,234
2026 LF,METED,2041,233
2026 LF,METED,2042,233
2026 LF,METED,2043,234
2026 LF,METED,2044,234
2026 LF,METED,2045,234
2026 LF,METED,2046,234
2026 LF,PECO,2026,17
2026 LF,PECO,2027,88
2026 LF,PECO,2028,281
2026 LF,PECO,2029,517
2026 LF,PECO,2030,824
2026 LF,PECO,2031,1146
2026 LF,PECO,2032,1414
2026 LF,PECO,2033,1560
2026 LF,PECO,2034,1664
2026 LF,PECO,2035,1698
2026 LF,PECO,2036,1697
2026 LF,PECO,2037,1698
2026 LF,PECO,2038,1698
2026 LF,PECO,2039,1698
2026 LF,PECO,2040,1698
2026 LF,PECO,2041,1698
2026 LF,PECO,2042,1699
2026 LF,PECO,2043,1699
2026 LF,PECO,2044,1700
2026 LF,PECO,2045,1701
2026 LF,PECO,2046,1702
2026 LF,PENLC,2026,0
2026 LF,PENLC,2027,0
2026 LF,PENLC,2028,0
2026 LF,PENLC,2029,0
2026 LF,PENLC,2030,0
2026 LF,PENLC,2031,0
2026 LF,PENLC,2032,0
2026 LF,PENLC,2033,0
2026 LF,PENLC,2034,0
2026 LF,PENLC,2035,0
2026 LF,PENLC,2036,0
2026 LF,PENLC,2037,0
2026 LF,PENLC,2038,0
2026 LF,PENLC,2039,0
2026 LF,PENLC,2040,0
2026 LF,PENLC,2041,0
2026 LF,PENLC,2042,0
2026 LF,PENLC,2043,0
2026 LF,PENLC,2044,0
2026 LF,PENLC,2045,0
2026 LF,PENLC,2046,0
2026 LF,PEPCO,2026,0
2026 LF,PEPCO,2027,0
2026 LF,PEPCO,2028,0
2026 LF,PEPCO,2029,0
2026 LF,PEPCO,2030,142
2026 LF,PEPCO,2031,229
2026 LF,PEPCO,2032,437
2026 LF,PEPCO,2033,642
2026 LF,PEPCO,2034,799
2026 LF,PEPCO,2035,946
2026 LF,PEPCO,2036,1064
2026 LF,PEPCO,2037,1064
2026 LF,PEPCO,2038,1064
2026 LF,PEPCO,2039,1064
2026 LF,PEPCO,2040,1064
2026 LF,PEPCO,2041,1064
2026 LF,PEPCO,2042,1064
2026 LF,PEPCO,2043,1064
2026 LF,PEPCO,2044,1064
2026 LF,PEPCO,2045,1064
2026 LF,PEPCO,2046,1064
2026 LF,PL,2026,189
2026 LF,PL,2027,394
2026 LF,PL,2028,1274
2026 LF,PL,2029,1876
2026 LF,PL,2030,4996
2026 LF,PL,2031,5906
2026 LF,PL,2032,6241
2026 LF,PL,2033,6285
2026 LF,PL,2034,6284
2026 LF,PL,2035,6282
2026 LF,PL,2036,6279
2026 LF,PL,2037,6278
2026 LF,PL,2038,6279
2026 LF,PL,2039,6280
2026 LF,PL,2040,6281
2026 LF,PL,2041,6279
2026 LF,PL,2042,6279
2026 LF,PL,2043,6278
2026 LF,PL,2044,6281
2026 LF,PL,2045,6283
2026 LF,PL,2046,6284
2026 LF,PS,2026,72
2026 LF,PS,2027,144
2026 LF,PS,2028,392
2026 LF,PS,2029,702
2026 LF,PS,2030,1194
2026 LF,PS,2031,1686
2026 LF,PS,2032,2077
2026 LF,PS,2033,2339
2026 LF,PS,2034,2358
2026 LF,PS,2035,2363
2026 LF,PS,2036,2372
2026 LF,PS,2037,2389
2026 LF,PS,2038,2394
2026 LF,PS,2039,2400
2026 LF,PS,2040,2429
2026 LF,PS,2041,2431
2026 LF,PS,2042,2426
2026 LF,PS,2043,2431
2026 LF,PS,2044,2431
2026 LF,PS,2045,2454
2026 LF,PS,2046,2446
2026 LF,RECO,2026,0
2026 LF,RECO,2027,0
2026 LF,RECO,2028,0
2026 LF,RECO,2029,0
2026 LF,RECO,2030,0
2026 LF,RECO,2031,0
2026 LF,RECO,2032,0
2026 LF,RECO,2033,0
2026 LF,RECO,2034,0
2026 LF,RECO,2035,0
2026 LF,RECO,2036,0
2026 LF,RECO,2037,0
2026 LF,RECO,2038,0
2026 LF,RECO,2039,0
2026 LF,RECO,2040,0
2026 LF,RECO,2041,0
2026 LF,RECO,2042,0
2026 LF,RECO,2043,0
2026 LF,RECO,2044,0
2026 LF,RECO,2045,0
2026 LF,RECO,2046,0
2026 LF,UGI,2026,0
2026 LF,UGI,2027,0
2026 LF,UGI,2028,0
2026 LF,UGI,2029,0
2026 LF,UGI,2030,0
2026 LF,UGI,2031,0
2026 LF,UGI,2032,0
2026 LF,UGI,2033,0
2026 LF,UGI,2034,0
2026 LF,UGI,2035,0
2026 LF,UGI,2036,0
2026 LF,UGI,2037,0
2026 LF,UGI,2038,0
2026 LF,UGI,2039,0
2026 LF,UGI,2040,0
2026 LF,UGI,2041,0
2026 LF,UGI,2042,0
2026 LF,UGI,2043,0
2026 LF,UGI,2044,0
2026 LF,UGI,2045,0
2026 LF,UGI,2046,0
2026 LF,AEP,2026,1913
2026 LF,AEP,2027,3432
2026 LF,AEP,2028,4748
2026 LF,AEP,2029,6311
2026 LF,AEP,2030,7918
2026 LF,AEP,2031,9273
2026 LF,AEP,2032,10636
2026 LF,AEP,2033,12254
2026 LF,AEP,2034,13892
2026 LF,AEP,2035,15524
2026 LF,AEP,2036,17115
2026 LF,AEP,2037,19135
2026 LF,AEP,2038,20019
2026 LF,AEP,2039,19997
2026 LF,AEP,2040,20008
2026 LF,AEP,2041,19988
2026 LF,AEP,2042,20005
2026 LF,AEP,2043,19987
2026 LF,AEP,2044,19995
2026 LF,AEP,2045,19996
2026 LF,AEP,2046,20019
2026 LF,APS,2026,165
2026 LF,APS,2027,276
2026 LF,APS,2028,319
2026 LF,APS,2029,590
2026 LF,APS,2030,1213
2026 LF,APS,2031,1557
2026 LF,APS,2032,1929
2026 LF,APS,2033,2197
2026 LF,APS,2034,2610
2026 LF,APS,2035,2626
2026 LF,APS,2036,2624
2026 LF,APS,2037,2625
2026 LF,APS,2038,2624
2026 LF,APS,2039,2624
2026 LF,APS,2040,2624
2026 LF,APS,2041,2775
2026 LF,APS,2042,2775
2026 LF,APS,2043,2775
2026 LF,APS,2044,2776
2026 LF,APS,2045,2776
2026 LF,APS,2046,2776
2026 LF,ATSI,2026,132
2026 LF,ATSI,2027,165
2026 LF,ATSI,2028,299
2026 LF,ATSI,2029,431
2026 LF,ATSI,2030,1129
2026 LF,ATSI,2031,1302
2026 LF,ATSI,2032,1538
2026 LF,ATSI,2033,1823
2026 LF,ATSI,2034,2020
2026 LF,ATSI,2035,2169
2026 LF,ATSI,2036,2211
2026 LF,ATSI,2037,2210
2026 LF,ATSI,2038,2210
2026 LF,ATSI,2039,2209
2026 LF,ATSI,2040,2210
2026 LF,ATSI,2041,2209
2026 LF,ATSI,2042,2209
2026 LF,ATSI,2043,2209
2026 LF,ATSI,2044,2209
2026 LF,ATSI,2045,2210
2026 LF,ATSI,2046,2211
2026 LF,COMED,2026,478
2026 LF,COMED,2027,861
2026 LF,COMED,2028,1663
2026 LF,COMED,2029,3128
2026 LF,COMED,2030,4838
2026 LF,COMED,2031,6479
2026 LF,COMED,2032,8144
2026 LF,COMED,2033,9520
2026 LF,COMED,2034,10146
2026 LF,COMED,2035,10383
2026 LF,COMED,2036,10405
2026 LF,COMED,2037,10459
2026 LF,COMED,2038,10479
2026 LF,COMED,2039,10497
2026 LF,COMED,2040,10512
2026 LF,COMED,2041,10483
2026 LF,COMED,2042,10479
2026 LF,COMED,2043,10474
2026 LF,COMED,2044,10483
2026 LF,COMED,2045,10511
2026 LF,COMED,2046,10486
2026 LF,DAYTON,2026,0
2026 LF,DAYTON,2027,144
2026 LF,DAYTON,2028,277
2026 LF,DAYTON,2029,411
2026 LF,DAYTON,2030,954
2026 LF,DAYTON,2031,1392
2026 LF,DAYTON,2032,1821
2026 LF,DAYTON,2033,2144
2026 LF,DAYTON,2034,2242
2026 LF,DAYTON,2035,2242
2026 LF,DAYTON,2036,2241
2026 LF,DAYTON,2037,2241
2026 LF,DAYTON,2038,2241
2026 LF,DAYTON,2039,2241
2026 LF,DAYTON,2040,2241
2026 LF,DAYTON,2041,2241
2026 LF,DAYTON,2042,2241
2026 LF,DAYTON,2043,2241
2026 LF,DAYTON,2044,2242
2026 LF,DAYTON,2045,2243
2026 LF,DAYTON,2046,2244
2026 LF,DEOK,2026,0
2026 LF,DEOK,2027,0
2026 LF,DEOK,2028,0
2026 LF,DEOK,2029,0
2026 LF,DEOK,2030,0
2026 LF,DEOK,2031,0
2026 LF,DEOK,2032,0
2026 LF,DEOK,2033,0
2026 LF,DEOK,2034,0
2026 LF,DEOK,2035,0
2026 LF,DEOK,2036,0
2026 LF,DEOK,2037,0
2026 LF,DEOK,2038,0
2026 LF,DEOK,2039,0
2026 LF,DEOK,2040,0
2026 LF,DEOK,2041,0
2026 LF,DEOK,2042,0
2026 LF,DEOK,2043,0
2026 LF,DEOK,2044,0
2026 LF,DEOK,2045,0
2026 LF,DEOK,2046,0
2026 LF,DLCO,2026,0
2026 LF,DLCO,2027,0
2026 LF,DLCO,2028,0
2026 LF,DLCO,2029,0
2026 LF,DLCO,2030,46
2026 LF,DLCO,2031,75
2026 LF,DLCO,2032,87
2026 LF,DLCO,2033,87
2026 LF,DLCO,2034,87
2026 LF,DLCO,2035,87
2026 LF,DLCO,2036,87
2026 LF,DLCO,2037,87
2026 LF,DLCO,2038,87
2026 LF,DLCO,2039,87
2026 LF,DLCO,2040,87
2026 LF,DLCO,2041,87
2026 LF,DLCO,2042,87
2026 LF,DLCO,2043,87
2026 LF,DLCO,2044,87
2026 LF,DLCO,2045,87
2026 LF,DLCO,2046,87
2026 LF,EKPC,2026,-10
2026 LF,EKPC,2027,-10
2026 LF,EKPC,2028,-10
2026 LF,EKPC,2029,-10
2026 LF,EKPC,2030,-10
2026 LF,EKPC,2031,-10
2026 LF,EKPC,2032,-9
2026 LF,EKPC,2033,-9
2026 LF,EKPC,2034,-9
2026 LF,EKPC,2035,-9
2026 LF,EKPC,2036,-9
2026 LF,EKPC,2037,-9
2026 LF,EKPC,2038,-8
2026 LF,EKPC,2039,-8
2026 LF,EKPC,2040,-8
2026 LF,EKPC,2041,-8
2026 LF,EKPC,2042,-8
2026 LF,EKPC,2043,-8
2026 LF,EKPC,2044,-8
2026 LF,EKPC,2045,-8
2026 LF,EKPC,2046,-8
2026 LF,OVEC,2026,0
2026 LF,OVEC,2027,0
2026 LF,OVEC,2028,0
2026 LF,OVEC,2029,0
2026 LF,OVEC,2030,0
2026 LF,OVEC,2031,0
2026 LF,OVEC,2032,0
2026 LF,OVEC,2033,0
2026 LF,OVEC,2034,0
2026 LF,OVEC,2035,0
2026 LF,OVEC,2036,0
2026 LF,OVEC,2037,0
2026 LF,OVEC,2038,0
2026 LF,OVEC,2039,0
2026 LF,OVEC,2040,0
2026 LF,OVEC,2041,0
2026 LF,OVEC,2042,0
2026 LF,OVEC,2043,0
2026 LF,OVEC,2044,0
2026 LF,OVEC,2045,0
2026 LF,OVEC,2046,0
2026 LF,DOM,2026,3429
2026 LF,DOM,2027,5266
2026 LF,DOM,2028,6956
2026 LF,DOM,2029,8213
2026 LF,DOM,2030,10135
2026 LF,DOM,2031,12044
2026 LF,DOM,2032,13912
2026 LF,DOM,2033,15512
2026 LF,DOM,2034,16962
2026 LF,DOM,2035,18651
2026 LF,DOM,2036,20451
2026 LF,DOM,2037,22822
2026 LF,DOM,2038,24890
2026 LF,DOM,2039,26408
2026 LF,DOM,2040,27471
2026 LF,DOM,2041,28249
2026 LF,DOM,2042,29035
2026 LF,DOM,2043,29743
2026 LF,DOM,2044,30403
2026 LF,DOM,2045,30998
2026 LF,DOM,2046,31665
2026 LF,PJM RTO,2026,6403
2026 LF,PJM RTO,2027,10785
2026 LF,PJM RTO,2028,16242
2026 LF,PJM RTO,2029,22290
2026 LF,PJM RTO,2030,33707
2026 LF,PJM RTO,2031,41477
2026 LF,PJM RTO,2032,48772
2026 LF,PJM RTO,2033,55089
2026 LF,PJM RTO,2034,59889
2026 LF,PJM RTO,2035,63796
2026 LF,PJM RTO,2036,67370
2026 LF,PJM RTO,2037,71831
2026 LF,PJM RTO,2038,74809
2026 LF,PJM RTO,2039,76329
2026 LF,PJM RTO,2040,77450
2026 LF,PJM RTO,2041,78328
2026 LF,PJM RTO,2042,79123
2026 LF,PJM RTO,2043,79813
2026 LF,PJM RTO,2044,80496
2026 LF,PJM RTO,2045,81148
2026 LF,PJM RTO,2046,81810
