ticker,quarter_end,availability_date,metric_value,metric_unit,disclosure_type,segment_scope,source_url,notes
ETN,2022-12-31,2023-02-23,11400000000,USD,xbrl_rpo,total,https://data.sec.gov/api/xbrl/companyconcept/CIK0001551182/us-gaap/RevenueRemainingPerformanceObligation.json,xbrl companyconcept RPO
ETN,2023-03-31,2023-05-02,12300000000,USD,xbrl_rpo,total,https://data.sec.gov/api/xbrl/companyconcept/CIK0001551182/us-gaap/RevenueRemainingPerformanceObligation.json,xbrl companyconcept RPO
ETN,2023-06-30,2023-08-01,12500000000,USD,xbrl_rpo,total,https://data.sec.gov/api/xbrl/companyconcept/CIK0001551182/us-gaap/RevenueRemainingPerformanceObligation.json,xbrl companyconcept RPO
ETN,2023-09-30,2023-10-31,12900000000,USD,xbrl_rpo,total,https://data.sec.gov/api/xbrl/companyconcept/CIK0001551182/us-gaap/RevenueRemainingPerformanceObligation.json,xbrl companyconcept RPO
ETN,2023-12-31,2024-02-29,13000000000,USD,xbrl_rpo,total,https://data.sec.gov/api/xbrl/companyconcept/CIK0001551182/us-gaap/RevenueRemainingPerformanceObligation.json,xbrl companyconcept RPO
ETN,2024-03-31,2024-04-30,15000000000,USD,xbrl_rpo,total,https://data.sec.gov/api/xbrl/companyconcept/CIK0001551182/us-gaap/RevenueRemainingPerformanceObligation.json,xbrl companyconcept RPO
ETN,2024-06-30,2024-08-01,15200000000,USD,nongaap_backlog_total,total,https://www.sec.gov/Archives/edgar/data/1551182/000155118224000035/etn-20240630.htm,"total firmly-committed backlog per revenue-recognition note; continues the discontinued XBRL RPO series (same concept, values matched at overlap) (approx, 0.1bn precision)"
ETN,2024-09-30,2024-10-31,15900000000,USD,nongaap_backlog_total,total,https://www.sec.gov/Archives/edgar/data/1551182/000155118224000041/etn-20240930.htm,"total firmly-committed backlog per revenue-recognition note; continues the discontinued XBRL RPO series (same concept, values matched at overlap) (approx, 0.1bn precision)"
ETN,2024-12-31,2025-02-27,15900000000,USD,nongaap_backlog_total,total,https://www.sec.gov/Archives/edgar/data/1551182/000155118225000006/etn-20241231.htm,"total firmly-committed backlog per revenue-recognition note; continues the discontinued XBRL RPO series (same concept, values matched at overlap) (approx, 0.1bn precision)"
ETN,2025-03-31,2025-05-02,16000000000,USD,nongaap_backlog_total,total,https://www.sec.gov/Archives/edgar/data/1551182/000155118225000014/etn-20250331.htm,"total firmly-committed backlog per revenue-recognition note; continues the discontinued XBRL RPO series (same concept, values matched at overlap) (approx, 0.1bn precision)"
ETN,2025-06-30,2025-08-05,17500000000,USD,nongaap_backlog_total,total,https://www.sec.gov/Archives/edgar/data/1551182/000155118225000028/etn-20250630.htm,"total firmly-committed backlog per revenue-recognition note; continues the discontinued XBRL RPO series (same concept, values matched at overlap) (approx, 0.1bn precision)"
ETN,2025-09-30,2025-11-04,18400000000,USD,nongaap_backlog_total,total,https://www.sec.gov/Archives/edgar/data/1551182/000155118225000036/etn-20250930.htm,"total firmly-committed backlog per revenue-recognition note; continues the discontinued XBRL RPO series (same concept, values matched at overlap) (approx, 0.1bn precision)"
ETN,2025-12-31,2026-02-26,19800000000,USD,nongaap_backlog_total,total,https://www.sec.gov/Archives/edgar/data/1551182/000155118226000007/etn-20251231.htm,"total firmly-committed backlog per revenue-recognition note; continues the discontinued XBRL RPO series (same concept, values matched at overlap) (approx, 0.1bn precision)"
ETN,2026-03-31,2026-05-05,22800000000,USD,nongaap_backlog_total,total,https://www.sec.gov/Archives/edgar/data/1551182/000155118226000013/etn-20260331.htm,"total firmly-committed backlog per revenue-recognition note; continues the discontinued XBRL RPO series (same concept, values matched at overlap) (approx, 0.1bn precision)"
ETN,2026-06-30,2026-07-31,24100000000,USD,nongaap_backlog_total,total,https://www.sec.gov/Archives/edgar/data/1551182/000155118226000030/etn-20260630.htm,"total firmly-committed backlog per revenue-recognition note; continues the discontinued XBRL RPO series (same concept, values matched at overlap) (approx, 0.1bn precision)"
FLNC,2022-12-31,2023-02-10,2700000000,USD,xbrl_rpo,total,https://data.sec.gov/api/xbrl/companyconcept/CIK0001868941/us-gaap/RevenueRemainingPerformanceObligation.json,xbrl companyconcept RPO
FLNC,2023-03-31,2023-05-11,2800000000,USD,xbrl_rpo,total,https://data.sec.gov/api/xbrl/companyconcept/CIK0001868941/us-gaap/RevenueRemainingPerformanceObligation.json,xbrl companyconcept RPO
FLNC,2023-06-30,2023-08-10,2900000000,USD,xbrl_rpo,total,https://data.sec.gov/api/xbrl/companyconcept/CIK0001868941/us-gaap/RevenueRemainingPerformanceObligation.json,xbrl companyconcept RPO
FLNC,2023-09-30,2023-11-29,2900000000,USD,xbrl_rpo,total,https://data.sec.gov/api/xbrl/companyconcept/CIK0001868941/us-gaap/RevenueRemainingPerformanceObligation.json,xbrl companyconcept RPO
FLNC,2023-12-31,2024-02-08,3700000000,USD,xbrl_rpo,total,https://data.sec.gov/api/xbrl/companyconcept/CIK0001868941/us-gaap/RevenueRemainingPerformanceObligation.json,xbrl companyconcept RPO
FLNC,2024-03-31,2024-05-09,3700000000,USD,xbrl_rpo,total,https://data.sec.gov/api/xbrl/companyconcept/CIK0001868941/us-gaap/RevenueRemainingPerformanceObligation.json,xbrl companyconcept RPO
FLNC,2024-06-30,2024-08-07,4500000000,USD,xbrl_rpo,total,https://data.sec.gov/api/xbrl/companyconcept/CIK0001868941/us-gaap/RevenueRemainingPerformanceObligation.json,xbrl companyconcept RPO
FLNC,2024-09-30,2024-11-29,4500000000,USD,xbrl_rpo,total,https://data.sec.gov/api/xbrl/companyconcept/CIK0001868941/us-gaap/RevenueRemainingPerformanceObligation.json,xbrl companyconcept RPO
FLNC,2024-12-31,2025-02-10,5100000000,USD,xbrl_rpo,total,https://data.sec.gov/api/xbrl/companyconcept/CIK0001868941/us-gaap/RevenueRemainingPerformanceObligation.json,xbrl companyconcept RPO
FLNC,2025-03-31,2025-05-08,4900000000,USD,xbrl_rpo,total,https://data.sec.gov/api/xbrl/companyconcept/CIK0001868941/us-gaap/RevenueRemainingPerformanceObligation.json,xbrl companyconcept RPO
FLNC,2025-06-30,2025-08-11,4900000000,USD,xbrl_rpo,total,https://data.sec.gov/api/xbrl/companyconcept/CIK0001868941/us-gaap/RevenueRemainingPerformanceObligation.json,xbrl companyconcept RPO
FLNC,2025-09-30,2025-11-25,5300000000,USD,xbrl_rpo,total,https://data.sec.gov/api/xbrl/companyconcept/CIK0001868941/us-gaap/RevenueRemainingPerformanceObligation.json,xbrl companyconcept RPO
FLNC,2025-12-31,2026-02-04,5500000000,USD,xbrl_rpo,total,https://data.sec.gov/api/xbrl/companyconcept/CIK0001868941/us-gaap/RevenueRemainingPerformanceObligation.json,xbrl companyconcept RPO
FLNC,2026-03-31,2026-05-06,5600000000,USD,xbrl_rpo,total,https://data.sec.gov/api/xbrl/companyconcept/CIK0001868941/us-gaap/RevenueRemainingPerformanceObligation.json,xbrl companyconcept RPO
FLNC,2026-06-30,2026-08-05,6400000000,USD,xbrl_rpo,total,https://data.sec.gov/api/xbrl/companyconcept/CIK0001868941/us-gaap/RevenueRemainingPerformanceObligation.json,xbrl companyconcept RPO
GEV,2024-03-31,2024-04-30,116293000000,USD,xbrl_rpo,total,https://data.sec.gov/api/xbrl/companyconcept/CIK0001996810/us-gaap/RevenueRemainingPerformanceObligation.json,xbrl companyconcept RPO
GEV,2024-06-30,2024-07-24,115476000000,USD,xbrl_rpo,total,https://data.sec.gov/api/xbrl/companyconcept/CIK0001996810/us-gaap/RevenueRemainingPerformanceObligation.json,xbrl companyconcept RPO
GEV,2024-09-30,2024-10-23,117746000000,USD,xbrl_rpo,total,https://data.sec.gov/api/xbrl/companyconcept/CIK0001996810/us-gaap/RevenueRemainingPerformanceObligation.json,xbrl companyconcept RPO
GEV,2024-12-31,2025-02-06,119023000000,USD,xbrl_rpo,total,https://data.sec.gov/api/xbrl/companyconcept/CIK0001996810/us-gaap/RevenueRemainingPerformanceObligation.json,xbrl companyconcept RPO
GEV,2025-03-31,2025-04-23,123438000000,USD,xbrl_rpo,total,https://data.sec.gov/api/xbrl/companyconcept/CIK0001996810/us-gaap/RevenueRemainingPerformanceObligation.json,xbrl companyconcept RPO
GEV,2025-06-30,2025-07-23,128650000000,USD,xbrl_rpo,total,https://data.sec.gov/api/xbrl/companyconcept/CIK0001996810/us-gaap/RevenueRemainingPerformanceObligation.json,xbrl companyconcept RPO
GEV,2025-09-30,2025-10-22,135269000000,USD,xbrl_rpo,total,https://data.sec.gov/api/xbrl/companyconcept/CIK0001996810/us-gaap/RevenueRemainingPerformanceObligation.json,xbrl companyconcept RPO
GEV,2025-12-31,2026-01-29,150238000000,USD,xbrl_rpo,total,https://data.sec.gov/api/xbrl/companyconcept/CIK0001996810/us-gaap/RevenueRemainingPerformanceObligation.json,xbrl companyconcept RPO
GEV,2026-03-31,2026-04-22,163276000000,USD,xbrl_rpo,total,https://data.sec.gov/api/xbrl/companyconcept/CIK0001996810/us-gaap/RevenueRemainingPerformanceObligation.json,xbrl companyconcept RPO
GEV,2026-06-30,2026-07-22,176284000000,USD,xbrl_rpo,total,https://data.sec.gov/api/xbrl/companyconcept/CIK0001996810/us-gaap/RevenueRemainingPerformanceObligation.json,xbrl companyconcept RPO
HUBB,2022-12-31,2023-02-09,2463.4,USD_million,nongaap_backlog_total,total,https://www.sec.gov/Archives/edgar/data/48898/000162828023002875/hubb-20221231.htm,10-K Item 1 'backlog of orders believed to be firm'; annual disclosure only
HUBB,2023-12-31,2024-02-08,2328,USD_million,nongaap_backlog_total,total,https://www.sec.gov/Archives/edgar/data/48898/000162828024003792/hubb-20231231.htm,10-K Item 1 'backlog of orders believed to be firm'; annual disclosure only
HUBB,2024-12-31,2025-02-13,1898,USD_million,nongaap_backlog_total,total,https://www.sec.gov/Archives/edgar/data/48898/000162828025005311/hubb-20241231.htm,10-K Item 1 'backlog of orders believed to be firm'; annual disclosure only
HUBB,2025-12-31,2026-02-12,2159,USD_million,nongaap_backlog_total,total,https://www.sec.gov/Archives/edgar/data/48898/000162828026007500/hubb-20251231.htm,10-K Item 1 'backlog of orders believed to be firm'; annual disclosure only
MYRG,2022-12-31,2023-02-22,2330000000,USD,xbrl_rpo,total,https://data.sec.gov/api/xbrl/companyconcept/CIK0000700923/us-gaap/RevenueRemainingPerformanceObligation.json,xbrl companyconcept RPO
MYRG,2023-03-31,2023-04-26,2510000000,USD,xbrl_rpo,total,https://data.sec.gov/api/xbrl/companyconcept/CIK0000700923/us-gaap/RevenueRemainingPerformanceObligation.json,xbrl companyconcept RPO
MYRG,2023-06-30,2023-07-26,2540000000,USD,xbrl_rpo,total,https://data.sec.gov/api/xbrl/companyconcept/CIK0000700923/us-gaap/RevenueRemainingPerformanceObligation.json,xbrl companyconcept RPO
MYRG,2023-09-30,2023-10-25,2400000000,USD,xbrl_rpo,total,https://data.sec.gov/api/xbrl/companyconcept/CIK0000700923/us-gaap/RevenueRemainingPerformanceObligation.json,xbrl companyconcept RPO
MYRG,2023-12-31,2024-02-28,2301147000,USD,xbrl_rpo,total,https://data.sec.gov/api/xbrl/companyconcept/CIK0000700923/us-gaap/RevenueRemainingPerformanceObligation.json,xbrl companyconcept RPO
MYRG,2024-03-31,2024-05-01,2219529000,USD,xbrl_rpo,total,https://data.sec.gov/api/xbrl/companyconcept/CIK0000700923/us-gaap/RevenueRemainingPerformanceObligation.json,xbrl companyconcept RPO
MYRG,2024-06-30,2024-07-31,2338046000,USD,xbrl_rpo,total,https://data.sec.gov/api/xbrl/companyconcept/CIK0000700923/us-gaap/RevenueRemainingPerformanceObligation.json,xbrl companyconcept RPO
MYRG,2024-09-30,2024-10-30,2358754000,USD,xbrl_rpo,total,https://data.sec.gov/api/xbrl/companyconcept/CIK0000700923/us-gaap/RevenueRemainingPerformanceObligation.json,xbrl companyconcept RPO
MYRG,2024-12-31,2025-02-26,2338961000,USD,xbrl_rpo,total,https://data.sec.gov/api/xbrl/companyconcept/CIK0000700923/us-gaap/RevenueRemainingPerformanceObligation.json,xbrl companyconcept RPO
MYRG,2025-03-31,2025-04-30,2366259000,USD,xbrl_rpo,total,https://data.sec.gov/api/xbrl/companyconcept/CIK0000700923/us-gaap/RevenueRemainingPerformanceObligation.json,xbrl companyconcept RPO
MYRG,2025-06-30,2025-07-30,2331910000,USD,xbrl_rpo,total,https://data.sec.gov/api/xbrl/companyconcept/CIK0000700923/us-gaap/RevenueRemainingPerformanceObligation.json,xbrl companyconcept RPO
MYRG,2025-09-30,2025-10-29,2341373000,USD,xbrl_rpo,total,https://data.sec.gov/api/xbrl/companyconcept/CIK0000700923/us-gaap/RevenueRemainingPerformanceObligation.json,xbrl companyconcept RPO
MYRG,2025-12-31,2026-02-25,2515948000,USD,xbrl_rpo,total,https://data.sec.gov/api/xbrl/companyconcept/CIK0000700923/us-gaap/RevenueRemainingPerformanceObligation.json,xbrl companyconcept RPO
MYRG,2026-03-31,2026-04-29,2526852000,USD,xbrl_rpo,total,https://data.sec.gov/api/xbrl/companyconcept/CIK0000700923/us-gaap/RevenueRemainingPerformanceObligation.json,xbrl companyconcept RPO
MYRG,2026-06-30,2026-07-29,2826895000,USD,xbrl_rpo,total,https://data.sec.gov/api/xbrl/companyconcept/CIK0000700923/us-gaap/RevenueRemainingPerformanceObligation.json,xbrl companyconcept RPO
NVT,2022-12-31,2023-02-28,607.3,USD_million,nongaap_backlog_total,total,https://www.sec.gov/Archives/edgar/data/1720635/000172063523000009/nvt-20221231.htm,10-K Item 1 total backlog (Enclosures/E&F/Thermal segments)
NVT,2023-12-31,2024-02-20,639.1,USD_million,nongaap_backlog_total,total,https://www.sec.gov/Archives/edgar/data/1720635/000172063524000012/nvt-20231231.htm,10-K Item 1 total backlog as originally reported; FY2024 10-K restated to $462.8M under realigned segments
NVT,2024-12-31,2025-02-18,749.3,USD_million,nongaap_backlog_total,total,https://www.sec.gov/Archives/edgar/data/1720635/000172063525000018/nvt-20241231.htm,10-K Item 1 total backlog (Systems Protection/Electrical Connections segments)
NVT,2025-12-31,2026-02-17,2349.9,USD_million,nongaap_backlog_total,total,https://www.sec.gov/Archives/edgar/data/1720635/000162828026008608/nvt-20251231.htm,"10-K Item 1 total backlog; +213.6% YoY driven by Electrical Products Group acquisition, not organic"
PRIM,2022-12-31,2023-02-28,3800000000,USD,xbrl_rpo,total,https://data.sec.gov/api/xbrl/companyconcept/CIK0001361538/us-gaap/RevenueRemainingPerformanceObligation.json,xbrl companyconcept RPO
PRIM,2023-03-31,2023-05-10,3800000000,USD,xbrl_rpo,total,https://data.sec.gov/api/xbrl/companyconcept/CIK0001361538/us-gaap/RevenueRemainingPerformanceObligation.json,xbrl companyconcept RPO
PRIM,2023-06-30,2023-08-08,4900000000,USD,xbrl_rpo,total,https://data.sec.gov/api/xbrl/companyconcept/CIK0001361538/us-gaap/RevenueRemainingPerformanceObligation.json,xbrl companyconcept RPO
PRIM,2023-09-30,2023-11-08,5000000000,USD,xbrl_rpo,total,https://data.sec.gov/api/xbrl/companyconcept/CIK0001361538/us-gaap/RevenueRemainingPerformanceObligation.json,xbrl companyconcept RPO
PRIM,2023-12-31,2024-02-27,5400000000,USD,xbrl_rpo,total,https://data.sec.gov/api/xbrl/companyconcept/CIK0001361538/us-gaap/RevenueRemainingPerformanceObligation.json,xbrl companyconcept RPO
PRIM,2024-03-31,2024-05-09,5100000000,USD,xbrl_rpo,total,https://data.sec.gov/api/xbrl/companyconcept/CIK0001361538/us-gaap/RevenueRemainingPerformanceObligation.json,xbrl companyconcept RPO
PRIM,2024-06-30,2024-08-06,5100000000,USD,xbrl_rpo,total,https://data.sec.gov/api/xbrl/companyconcept/CIK0001361538/us-gaap/RevenueRemainingPerformanceObligation.json,xbrl companyconcept RPO
PRIM,2024-09-30,2024-11-05,5900000000,USD,xbrl_rpo,total,https://data.sec.gov/api/xbrl/companyconcept/CIK0001361538/us-gaap/RevenueRemainingPerformanceObligation.json,xbrl companyconcept RPO
PRIM,2024-12-31,2025-02-25,6300000000,USD,xbrl_rpo,total,https://data.sec.gov/api/xbrl/companyconcept/CIK0001361538/us-gaap/RevenueRemainingPerformanceObligation.json,xbrl companyconcept RPO
PRIM,2025-03-31,2025-05-06,5800000000,USD,xbrl_rpo,total,https://data.sec.gov/api/xbrl/companyconcept/CIK0001361538/us-gaap/RevenueRemainingPerformanceObligation.json,xbrl companyconcept RPO
PRIM,2025-06-30,2025-08-05,5300000000,USD,xbrl_rpo,total,https://data.sec.gov/api/xbrl/companyconcept/CIK0001361538/us-gaap/RevenueRemainingPerformanceObligation.json,xbrl companyconcept RPO
PRIM,2025-09-30,2025-11-04,4400000000,USD,xbrl_rpo,total,https://data.sec.gov/api/xbrl/companyconcept/CIK0001361538/us-gaap/RevenueRemainingPerformanceObligation.json,xbrl companyconcept RPO
PRIM,2025-12-31,2026-02-24,5300000000,USD,xbrl_rpo,total,https://data.sec.gov/api/xbrl/companyconcept/CIK0001361538/us-gaap/RevenueRemainingPerformanceObligation.json,xbrl companyconcept RPO
PRIM,2026-03-31,2026-05-06,4500000000,USD,xbrl_rpo,total,https://data.sec.gov/api/xbrl/companyconcept/CIK0001361538/us-gaap/RevenueRemainingPerformanceObligation.json,xbrl companyconcept RPO
PRIM,2026-06-30,2026-08-05,6000000000,USD,xbrl_rpo,total,https://data.sec.gov/api/xbrl/companyconcept/CIK0001361538/us-gaap/RevenueRemainingPerformanceObligation.json,xbrl companyconcept RPO
PWR,2022-12-31,2023-02-23,8800000000,USD,xbrl_rpo,total,https://data.sec.gov/api/xbrl/companyconcept/CIK0001050915/us-gaap/RevenueRemainingPerformanceObligation.json,xbrl companyconcept RPO
PWR,2023-03-31,2023-05-04,10260000000,USD,xbrl_rpo,total,https://data.sec.gov/api/xbrl/companyconcept/CIK0001050915/us-gaap/RevenueRemainingPerformanceObligation.json,xbrl companyconcept RPO
PWR,2023-06-30,2023-08-03,12480000000,USD,xbrl_rpo,total,https://data.sec.gov/api/xbrl/companyconcept/CIK0001050915/us-gaap/RevenueRemainingPerformanceObligation.json,xbrl companyconcept RPO
PWR,2023-09-30,2023-11-02,13560000000,USD,xbrl_rpo,total,https://data.sec.gov/api/xbrl/companyconcept/CIK0001050915/us-gaap/RevenueRemainingPerformanceObligation.json,xbrl companyconcept RPO
PWR,2023-12-31,2024-02-22,13890000000,USD,xbrl_rpo,total,https://data.sec.gov/api/xbrl/companyconcept/CIK0001050915/us-gaap/RevenueRemainingPerformanceObligation.json,xbrl companyconcept RPO
PWR,2024-03-31,2024-05-02,14880000000,USD,xbrl_rpo,total,https://data.sec.gov/api/xbrl/companyconcept/CIK0001050915/us-gaap/RevenueRemainingPerformanceObligation.json,xbrl companyconcept RPO
PWR,2024-06-30,2024-08-01,14370000000,USD,xbrl_rpo,total,https://data.sec.gov/api/xbrl/companyconcept/CIK0001050915/us-gaap/RevenueRemainingPerformanceObligation.json,xbrl companyconcept RPO
PWR,2024-09-30,2024-10-31,15610000000,USD,xbrl_rpo,total,https://data.sec.gov/api/xbrl/companyconcept/CIK0001050915/us-gaap/RevenueRemainingPerformanceObligation.json,xbrl companyconcept RPO
PWR,2024-12-31,2025-02-20,16760000000,USD,xbrl_rpo,total,https://data.sec.gov/api/xbrl/companyconcept/CIK0001050915/us-gaap/RevenueRemainingPerformanceObligation.json,xbrl companyconcept RPO
PWR,2025-03-31,2025-05-01,17650000000,USD,xbrl_rpo,total,https://data.sec.gov/api/xbrl/companyconcept/CIK0001050915/us-gaap/RevenueRemainingPerformanceObligation.json,xbrl companyconcept RPO
PWR,2025-06-30,2025-07-31,19160000000,USD,xbrl_rpo,total,https://data.sec.gov/api/xbrl/companyconcept/CIK0001050915/us-gaap/RevenueRemainingPerformanceObligation.json,xbrl companyconcept RPO
PWR,2025-09-30,2025-10-30,20970000000,USD,xbrl_rpo,total,https://data.sec.gov/api/xbrl/companyconcept/CIK0001050915/us-gaap/RevenueRemainingPerformanceObligation.json,xbrl companyconcept RPO
PWR,2025-12-31,2026-02-19,23760000000,USD,xbrl_rpo,total,https://data.sec.gov/api/xbrl/companyconcept/CIK0001050915/us-gaap/RevenueRemainingPerformanceObligation.json,xbrl companyconcept RPO
PWR,2026-03-31,2026-04-30,26240000000,USD,xbrl_rpo,total,https://data.sec.gov/api/xbrl/companyconcept/CIK0001050915/us-gaap/RevenueRemainingPerformanceObligation.json,xbrl companyconcept RPO
PWR,2026-06-30,2026-07-30,33550000000,USD,xbrl_rpo,total,https://data.sec.gov/api/xbrl/companyconcept/CIK0001050915/us-gaap/RevenueRemainingPerformanceObligation.json,xbrl companyconcept RPO
VRT,2022-12-31,2023-02-22,4800000000,USD,nongaap_backlog_total,total,https://www.sec.gov/Archives/edgar/data/1674101/000162828023004432/exhibit991vrt02222023.htm,Q4-22 earnings release EX-99.1: 'backlog ... was $4.8 billion'
VRT,2023-09-30,2023-10-25,5000000000,USD,nongaap_backlog_total,total,https://www.sec.gov/Archives/edgar/data/1674101/000162828023035032/q32023exhibit991vrt102523.htm,Q3-23 earnings release EX-99.1: 'Record high $5.0 billion backlog'
VRT,2023-12-31,2024-02-21,5500000000,USD,nongaap_backlog_total,total,https://www.sec.gov/Archives/edgar/data/1674101/000162828024005765/exhibit991vrt02212024.htm,"Q4-23 earnings release EX-99.1: 'Record high $5.5 billion backlog'; 10-K Item 1 states $5,526.7M"
VRT,2024-03-31,2024-04-24,6300000000,USD,nongaap_backlog_total,total,https://www.sec.gov/Archives/edgar/data/1674101/000162828024017513/q12024exhibit991vrt042424.htm,Q1-24 earnings release EX-99.1: 'record high $6.3 billion backlog'
VRT,2024-12-31,2025-02-18,7200000000,USD,nongaap_backlog_total,total,https://www.sec.gov/Archives/edgar/data/1674101/000162828025005905/vrt-20241231.htm,"FY2024 10-K: 'estimated combined order backlog was $7.2 billion'; Item 1 states $7,178.8M (Q4-24 release did not quantify)"
VRT,2025-03-31,2025-04-23,7900000000,USD,nongaap_backlog_total,total,https://www.sec.gov/Archives/edgar/data/1674101/000162828025018915/q12025exhibit991vrt042325.htm,Q1-25 earnings release EX-99.1: 'backlog increased to $7.9 billion'
VRT,2025-06-30,2025-07-30,8500000000,USD,nongaap_backlog_total,total,https://www.sec.gov/Archives/edgar/data/1674101/000167410125000006/q22025exhibit991vrt7302025.htm,Q2-25 earnings release EX-99.1: 'growing backlog of $8.5 billion'
VRT,2025-09-30,2025-10-22,9500000000,USD,nongaap_backlog_total,total,https://www.sec.gov/Archives/edgar/data/1674101/000167410125000020/q32025exhibit991vrt10222025.htm,Q3-25 earnings release EX-99.1: 'backlog increased to $9.5 billion'
VRT,2025-12-31,2026-02-11,15000000000,USD,nongaap_backlog_total,total,https://www.sec.gov/Archives/edgar/data/1674101/000167410126000006/exhibit991vrt02112026.htm,Q4-25 earnings release EX-99.1: 'backlog increased to $15.0 billion'; 10-K Item 1 'approximately $15.0 billion'
