date,ticker,factor_score
2018-04-30,NRG,0.0
2018-05-31,NRG,0.0
2018-06-29,FE,1.23449501273861
2018-06-29,VST,1.1958508487042159
2018-06-29,CNP,-0.15693666894320818
2018-06-29,D,-0.5043611857825449
2018-06-29,NRG,-0.5665711276370581
2018-06-29,AEP,-1.2024768790800149
2018-07-31,PPL,1.681897452668247
2018-07-31,FE,0.7652025979363256
2018-07-31,NRG,0.3108368896773387
2018-07-31,D,0.19501663150459808
2018-07-31,CNP,0.08652869180734148
2018-07-31,VST,-0.5635596609930369
2018-07-31,EXC,-1.0635310699289418
2018-07-31,AEP,-1.4123915326718723
2018-08-31,PPL,1.927502087744796
2018-08-31,D,0.5861103607053887
2018-08-31,NRG,0.19044687823914036
2018-08-31,CNP,0.18419054881819222
2018-08-31,FE,-0.007971088704769865
2018-08-31,VST,-0.6975741670558832
2018-08-31,EXC,-1.0578770221429998
2018-08-31,AEP,-1.124827597603864
2018-09-28,PPL,1.7100063727050507
2018-09-28,D,0.7857637454773667
2018-09-28,FE,0.2592553701809632
2018-09-28,CNP,0.1556025549555409
2018-09-28,NRG,0.1315317794528306
2018-09-28,AEP,-0.7124892065748238
2018-09-28,VST,-0.9114542008234772
2018-09-28,EXC,-1.418216415373451
2018-10-31,PPL,1.405892675945647
2018-10-31,PEG,1.15711368356941
2018-10-31,D,0.8148000736156802
2018-10-31,NRG,0.16260822550151033
2018-10-31,CNP,0.07827898755204442
2018-10-31,FE,-0.3295300344067678
2018-10-31,VST,-0.6864241240536532
2018-10-31,AEP,-1.1984353715068556
2018-10-31,EXC,-1.4043041162170153
2018-11-30,FE,1.1361617210735815
2018-11-30,PPL,1.1268600885467004
2018-11-30,PEG,0.7921824931068391
2018-11-30,D,0.47683499206938385
2018-11-30,CNP,0.09913654140719085
2018-11-30,NRG,-0.1001669699361591
2018-11-30,VST,-0.6603587918293609
2018-11-30,AEP,-1.3715009125865942
2018-11-30,EXC,-1.4991491618515813
2018-12-31,PPL,1.2846564868031054
2018-12-31,FE,1.2026636474689096
2018-12-31,PEG,1.0297894626556345
2018-12-31,CNP,0.08671061921799181
2018-12-31,NRG,-0.06910560123952031
2018-12-31,D,-0.33766252542292546
2018-12-31,VST,-0.6364708126774206
2018-12-31,AEP,-1.1516479259437917
2018-12-31,EXC,-1.4089333508619832
2019-01-31,PPL,1.2690795406503024
2019-01-31,FE,1.1992715866312567
2019-01-31,PEG,1.049333748590285
2019-01-31,CNP,0.2368813621987525
2019-01-31,D,-0.2572062922061875
2019-01-31,NRG,-0.29913013278678097
2019-01-31,AEP,-0.7278813416206983
2019-01-31,EXC,-1.0660371027146642
2019-01-31,VST,-1.4043113687422655
2019-02-28,PPL,1.3406587149414941
2019-02-28,PEG,1.157376289508565
2019-02-28,FE,0.7301360936148993
2019-02-28,CNP,0.23647358279303654
2019-02-28,D,0.09955595610921616
2019-02-28,NRG,-0.21663515859862684
2019-02-28,AEP,-0.5665245399010319
2019-02-28,EXC,-1.2696708134369634
2019-02-28,VST,-1.5113701250305889
2019-03-29,PPL,1.563314642475655
2019-03-29,PEG,0.8396113846877542
2019-03-29,FE,0.30112765092987503
2019-03-29,NRG,0.24326025595621584
2019-03-29,CNP,0.2179857472899323
2019-03-29,D,-0.002399449802767871
2019-03-29,AEP,-0.13359311262652823
2019-03-29,EXC,-1.3605023940693763
2019-03-29,VST,-1.66880472484076
2019-04-30,PPL,1.597795601145463
2019-04-30,FE,0.4779395412981684
2019-04-30,PEG,0.42867261750886687
2019-04-30,CNP,0.2619098611568463
2019-04-30,D,0.20041921034650884
2019-04-30,NRG,0.16004680964850004
2019-04-30,AEP,-0.011342681252225113
2019-04-30,EXC,-1.4038238608662916
2019-04-30,VST,-1.711617098985837
2019-05-31,PPL,1.310853321166788
2019-05-31,NRG,1.0739246634375545
2019-05-31,FE,0.4763188995663551
2019-05-31,PEG,0.4182267810540202
2019-05-31,CNP,0.04484138276300983
2019-05-31,D,-0.015786998950407985
2019-05-31,AEP,-0.2582887309974305
2019-05-31,VST,-1.469996581592645
2019-05-31,EXC,-1.5800927364472446
2019-06-28,PPL,1.2915825219827777
2019-06-28,NRG,1.038369411584844
2019-06-28,PEG,0.625577810790631
2019-06-28,FE,0.5938318289945065
2019-06-28,CNP,0.054607692226375
2019-06-28,D,-0.2607430745381073
2019-06-28,AEP,-0.42517806350096177
2019-06-28,VST,-1.4453869537269997
2019-06-28,EXC,-1.4726611738130655
2019-07-31,PPL,1.2797117284623347
2019-07-31,NRG,1.065144083268247
2019-07-31,PEG,0.8287025432539404
2019-07-31,FE,0.5079432335836401
2019-07-31,CNP,-0.020033823238549027
2019-07-31,D,-0.2489886318297042
2019-07-31,AEP,-0.7473914740946347
2019-07-31,VST,-1.0972621733679795
2019-07-31,EXC,-1.5678254860372953
2019-08-30,VST,1.3183192801816037
2019-08-30,PPL,1.0450195825714856
2019-08-30,NRG,0.6813541618351489
2019-08-30,PEG,0.647489209249546
2019-08-30,FE,-0.2817162569499186
2019-08-30,CNP,-0.32606785238738345
2019-08-30,D,-0.3455838598386771
2019-08-30,AEP,-1.0296879163083104
2019-08-30,EXC,-1.709126348353495
2019-09-30,VST,1.1567087803110319
2019-09-30,PPL,0.9899640744037923
2019-09-30,D,0.8779861053174635
2019-09-30,NRG,0.8696778087985758
2019-09-30,CNP,-0.3299804103271093
2019-09-30,FE,-0.3501246906077889
2019-09-30,AEP,-0.6050383264627137
2019-09-30,PEG,-1.0277337592039688
2019-09-30,EXC,-1.581459582229283
2019-10-31,PPL,1.0595478546388173
2019-10-31,VST,1.055480742635888
2019-10-31,NRG,0.9572989307213219
2019-10-31,D,0.8844505870032771
2019-10-31,CNP,-0.32273986162960067
2019-10-31,AEP,-0.48179235093828326
2019-10-31,FE,-0.617223892339596
2019-10-31,PEG,-1.00844909619276
2019-10-31,EXC,-1.526572913899064
2019-11-29,PPL,1.075005249239088
2019-11-29,NRG,1.0373578014119573
2019-11-29,VST,1.0105481360285307
2019-11-29,D,0.8491216028991797
2019-11-29,CNP,-0.3248012354759747
2019-11-29,AEP,-0.4310221064287098
2019-11-29,FE,-0.7556023681752646
2019-11-29,PEG,-0.9690249175962571
2019-11-29,EXC,-1.49158216190255
2019-12-31,PPL,1.0786194226661632
2019-12-31,NRG,1.0376761639165897
2019-12-31,VST,1.025608681240238
2019-12-31,D,0.8600136002888128
2019-12-31,CNP,-0.33497220543246237
2019-12-31,AEP,-0.5208209194602853
2019-12-31,FE,-0.7996501148069575
2019-12-31,PEG,-0.8630445881402824
2019-12-31,EXC,-1.4834300402718168
2020-01-31,PPL,1.1173067875911622
2020-01-31,VST,1.062906512182158
2020-01-31,NRG,1.0403333969145905
2020-01-31,D,0.7587831725415827
2020-01-31,CNP,-0.33679858726801604
2020-01-31,AEP,-0.5424999058829874
2020-01-31,FE,-0.7205560089088664
2020-01-31,PEG,-0.8688655132674142
2020-01-31,EXC,-1.5106098539022097
2020-02-28,PPL,1.2622539914394018
2020-02-28,VST,0.9650567199775045
2020-02-28,D,0.8648128899500779
2020-02-28,NRG,0.8213047294737196
2020-02-28,CNP,-0.2831636279958217
2020-02-28,AEP,-0.46029848184504496
2020-02-28,FE,-0.7166553114529902
2020-02-28,PEG,-0.8817502376856883
2020-02-28,EXC,-1.5715606718611583
2020-03-31,NRG,1.1086619507426712
2020-03-31,D,0.8463627076471634
2020-03-31,PPL,0.6766962255375348
2020-03-31,AEP,0.617098611177099
2020-03-31,VST,0.27958667911148066
2020-03-31,CNP,-0.291382276690548
2020-03-31,PEG,-0.34907557586920585
2020-03-31,FE,-0.8272240030440164
2020-03-31,EXC,-2.0607243186121784
2020-04-30,NRG,1.0680655690101126
2020-04-30,AEP,0.8839580458054077
2020-04-30,D,0.8684609391032283
2020-04-30,PPL,0.3704818159394016
2020-04-30,VST,0.35042712329399717
2020-04-30,CNP,-0.28985001571011293
2020-04-30,PEG,-0.3271040120732315
2020-04-30,FE,-0.9161471154913116
2020-04-30,EXC,-2.0082923498774914
2020-05-29,D,1.2160851351608315
2020-05-29,NRG,0.9970158128294164
2020-05-29,AEP,0.9576516595165799
2020-05-29,VST,0.507488445560086
2020-05-29,PEG,-0.13923583560502364
2020-05-29,CNP,-0.27478807145287115
2020-05-29,FE,-0.7014555833575955
2020-05-29,PPL,-0.790643204507733
2020-05-29,EXC,-1.7721183581436903
2020-06-30,D,1.4398185763507005
2020-06-30,NRG,0.9990479962599458
2020-06-30,AEP,0.8636911635502089
2020-06-30,VST,0.23322863307578084
2020-06-30,CNP,-0.22668837622543098
2020-06-30,PEG,-0.26306643659083045
2020-06-30,PPL,-0.5869590146690916
2020-06-30,FE,-0.663923236457177
2020-06-30,EXC,-1.795149305294107
2020-07-31,D,1.4588960305368381
2020-07-31,NRG,0.9035574590503186
2020-07-31,AEP,0.8043824748254549
2020-07-31,VST,0.36993921818252323
2020-07-31,CNP,-0.22962405091008267
2020-07-31,PEG,-0.23248189840998063
2020-07-31,PPL,-0.5763631452055732
2020-07-31,FE,-0.652670047007975
2020-07-31,EXC,-1.845636041061523
2020-08-31,D,1.4407921963712733
2020-08-31,AEP,1.1237033175105382
2020-08-31,NRG,0.8441061143042409
2020-08-31,VST,-0.023350084211390818
2020-08-31,CNP,-0.1750581983589195
2020-08-31,PEG,-0.3183333105270213
2020-08-31,PPL,-0.39146482947111105
2020-08-31,FE,-0.7319630670054703
2020-08-31,EXC,-1.7684321386121393
2020-09-30,D,1.7364231553426275
2020-09-30,NRG,0.9273676549442386
2020-09-30,AEP,0.8334778516625346
2020-09-30,VST,-0.011097345562748127
2020-09-30,CNP,-0.09082760502253118
2020-09-30,FE,-0.2717110961367048
2020-09-30,PEG,-0.8916096253389213
2020-09-30,PPL,-0.9399322988813607
2020-09-30,EXC,-1.2920906910071346
2020-10-30,D,1.7106988944379355
2020-10-30,NRG,0.920339319146187
2020-10-30,AEP,0.857915801743738
2020-10-30,VST,0.16220939513884267
2020-10-30,CNP,-0.10567379717417301
2020-10-30,FE,-0.43372271560482006
2020-10-30,PEG,-0.9358937623362906
2020-10-30,PPL,-0.9836245619989068
2020-10-30,EXC,-1.192248573352513
2020-11-30,D,1.6498362777366398
2020-11-30,NRG,1.0309704231440977
2020-11-30,AEP,0.8465938817170181
2020-11-30,VST,-0.01795514024837574
2020-11-30,CNP,-0.10038264279006945
2020-11-30,FE,-0.2513665066128943
2020-11-30,PPL,-0.8075656697490609
2020-11-30,EXC,-1.1005147380877092
2020-11-30,PEG,-1.249615885109646
2020-12-31,D,1.5368256055182528
2020-12-31,NRG,1.2312376486250645
2020-12-31,AEP,0.8337796420682213
2020-12-31,FE,-0.12202859495135315
2020-12-31,CNP,-0.13762521729024274
2020-12-31,VST,-0.37345936784190004
2020-12-31,PEG,-0.7425730164258506
2020-12-31,PPL,-0.7780952675042827
2020-12-31,EXC,-1.448061432197909
2021-01-29,D,1.3451905584213613
2021-01-29,AEP,1.339619557578791
2021-01-29,NRG,1.0067847572344508
2021-01-29,CNP,-0.13961745087353264
2021-01-29,FE,-0.22550834361834682
2021-01-29,VST,-0.35527470870706385
2021-01-29,PEG,-0.7712442752138029
2021-01-29,PPL,-0.8075787846897843
2021-01-29,EXC,-1.3923713101320725
2021-02-26,AEP,1.5139001283177487
2021-02-26,D,1.4937848744035995
2021-02-26,NRG,0.16144629689106274
2021-02-26,VST,0.16055104433580764
2021-02-26,CNP,-0.08915367495320584
2021-02-26,FE,-0.16722616128057669
2021-02-26,PPL,-0.7858856376038467
2021-02-26,PEG,-0.8651366894799347
2021-02-26,EXC,-1.4222801806306542
2021-03-31,D,1.619685344104868
2021-03-31,AEP,1.2064033979348745
2021-03-31,VST,0.8749478732958067
2021-03-31,CNP,-0.052806482659293344
2021-03-31,NRG,-0.2806982791554162
2021-03-31,FE,-0.429860217293666
2021-03-31,PPL,-0.8876430236451032
2021-03-31,EXC,-1.0180215247841158
2021-03-31,PEG,-1.0320070877979552
2021-04-30,D,1.4905252708683174
2021-04-30,VST,1.2348178859685013
2021-04-30,AEP,1.068970922383336
2021-04-30,CNP,-0.012676058187362754
2021-04-30,FE,-0.33174523529593514
2021-04-30,PPL,-0.7423410386325915
2021-04-30,EXC,-0.8632039168955207
2021-04-30,PEG,-0.8794883805424804
2021-04-30,NRG,-0.9648594496662641
2021-05-28,D,1.4940815290037104
2021-05-28,VST,1.2330012284618346
2021-05-28,AEP,1.0676158988968554
2021-05-28,CNP,-0.013688662540689385
2021-05-28,FE,-0.331827689682102
2021-05-28,PPL,-0.7429370015687543
2021-05-28,EXC,-0.8674554360458219
2021-05-28,PEG,-0.8853417090444237
2021-05-28,NRG,-0.9534481574806091
2021-06-30,D,1.4810415703159014
2021-06-30,VST,1.1823965547831363
2021-06-30,AEP,1.169506144355791
2021-06-30,CNP,-0.013102980552671022
2021-06-30,FE,-0.5286126866216506
2021-06-30,PPL,-0.635379283389121
2021-06-30,PEG,-0.8258109231130827
2021-06-30,EXC,-0.8936206875889213
2021-06-30,NRG,-0.9364177081893821
2021-07-30,D,1.4572618415338416
2021-07-30,VST,1.2401940513327108
2021-07-30,AEP,1.1419267267029947
2021-07-30,CNP,-0.019189804993851513
2021-07-30,FE,-0.5690777415443842
2021-07-30,PPL,-0.6168030167223606
2021-07-30,PEG,-0.7963904453358871
2021-07-30,EXC,-0.8622570152614811
2021-07-30,NRG,-0.9756645957115827
2021-08-31,D,1.5424813699639233
2021-08-31,AEP,1.2114884586049488
2021-08-31,VST,1.035598297503203
2021-08-31,CNP,0.03172897684318489
2021-08-31,FE,-0.5736432842941087
2021-08-31,PPL,-0.6151219858153764
2021-08-31,EXC,-0.7593632473715825
2021-08-31,PEG,-0.7931934196088117
2021-08-31,NRG,-1.079975165825381
2021-09-30,D,1.4277795462346443
2021-09-30,AEP,1.3725450217912665
2021-09-30,VST,0.8932867469603175
2021-09-30,CNP,0.04348153583115009
2021-09-30,FE,-0.3044333763171751
2021-09-30,EXC,-0.5714856424370249
2021-09-30,PPL,-0.7130235698286921
2021-09-30,PEG,-0.9278544615301525
2021-09-30,NRG,-1.2202958007043332
2021-10-29,D,1.5059173115416815
2021-10-29,AEP,1.459396578563873
2021-10-29,VST,0.49132116840315315
2021-10-29,CNP,0.13255070431997631
2021-10-29,FE,-0.26611825087518903
2021-10-29,EXC,-0.467062973592453
2021-10-29,PPL,-0.6624457978006374
2021-10-29,PEG,-0.7729296029340754
2021-10-29,NRG,-1.4206291376263291
2021-11-30,D,1.4957286235076959
2021-11-30,AEP,1.4508779337564184
2021-11-30,VST,0.3382989932391665
2021-11-30,CNP,0.17772368776546302
2021-11-30,FE,-0.19298937401924188
2021-11-30,EXC,-0.4558911429962553
2021-11-30,PPL,-0.5657572217369297
2021-11-30,PEG,-0.6658356082705881
2021-11-30,NRG,-1.5821558912457288
2021-12-31,D,1.5945388412337804
2021-12-31,AEP,1.37673658378287
2021-12-31,VST,0.23984127040016606
2021-12-31,CNP,0.20874896440778737
2021-12-31,FE,-0.27066889061329485
2021-12-31,EXC,-0.4691483127336532
2021-12-31,PPL,-0.4768362978142398
2021-12-31,PEG,-0.5950807853427486
2021-12-31,NRG,-1.6081313733206675
2022-01-31,D,1.582894910078238
2022-01-31,AEP,1.384101313685801
2022-01-31,VST,0.2508191657253941
2022-01-31,CNP,0.20658498005702736
2022-01-31,FE,-0.27302602118544156
2022-01-31,EXC,-0.47467535342229084
2022-01-31,PPL,-0.47648313953814986
2022-01-31,PEG,-0.5873952097050211
2022-01-31,NRG,-1.6128206456955572
2022-02-28,D,1.5473640484253357
2022-02-28,AEP,1.468289445624746
2022-02-28,CNP,0.2135809178493166
2022-02-28,VST,0.12065919823333517
2022-02-28,FE,-0.2850124786433132
2022-02-28,EXC,-0.3547432567713691
2022-02-28,PPL,-0.4978329949833846
2022-02-28,PEG,-0.6124135755018346
2022-02-28,NRG,-1.5998913042328318
2022-03-31,AEP,1.7136518203458553
2022-03-31,D,1.3404423693601786
2022-03-31,CNP,0.29236661696940935
2022-03-31,FE,0.015789707323595005
2022-03-31,EXC,-0.16290124130204137
2022-03-31,VST,-0.4759588711860858
2022-03-31,PEG,-0.5006199068687245
2022-03-31,PPL,-0.7897986719512244
2022-03-31,NRG,-1.432971822690962
2022-04-29,AEP,1.5577497951615293
2022-04-29,D,1.4839005217686676
2022-04-29,CNP,0.2301063298464481
2022-04-29,VST,-0.051309825967434046
2022-04-29,EXC,-0.11093749175658067
2022-04-29,FE,-0.2387853803159012
2022-04-29,PEG,-0.6388022500239482
2022-04-29,PPL,-0.69898239563564
2022-04-29,NRG,-1.532939303077141
2022-05-31,AEP,1.655975228465884
2022-05-31,D,1.4428644816271383
2022-05-31,CNP,0.2419677023271859
2022-05-31,FE,-0.11461409280234779
2022-05-31,VST,-0.15655268125548055
2022-05-31,EXC,-0.2516986596277186
2022-05-31,PEG,-0.6584925760673811
2022-05-31,PPL,-0.7253808853968797
2022-05-31,NRG,-1.4340685172704004
2022-06-30,AEP,1.5984631241804106
2022-06-30,D,1.4756221555012203
2022-06-30,CNP,0.215512523596873
2022-06-30,VST,0.02054863999378864
2022-06-30,FE,-0.09247258258057978
2022-06-30,EXC,-0.4053821719476064
2022-06-30,PEG,-0.6734418281618275
2022-06-30,PPL,-0.6777376458663045
2022-06-30,NRG,-1.4611122147159745
2022-07-29,AEP,1.4382058609632262
2022-07-29,D,1.3352624577488097
2022-07-29,VST,0.7420352379548154
2022-07-29,CNP,0.11808816396870836
2022-07-29,FE,-0.21898807225349715
2022-07-29,EXC,-0.4608488491728628
2022-07-29,PPL,-0.7211120841686148
2022-07-29,PEG,-0.7217392117240589
2022-07-29,NRG,-1.5109035033165257
2022-08-31,AEP,1.4896624680039638
2022-08-31,D,1.2725918954556983
2022-08-31,VST,0.6879383806042547
2022-08-31,CNP,0.1444492726984455
2022-08-31,FE,-0.21809693699496802
2022-08-31,EXC,-0.4165685694555334
2022-08-31,PPL,-0.687317707759077
2022-08-31,PEG,-0.6940057096460637
2022-08-31,NRG,-1.5786530929067204
2022-09-30,AEP,1.3612465976388695
2022-09-30,D,1.254728700889135
2022-09-30,VST,0.8349168707293763
2022-09-30,CNP,0.10679776762288977
2022-09-30,FE,-0.04856304414376903
2022-09-30,EXC,-0.37464332130619105
2022-09-30,PEG,-0.6719842808521193
2022-09-30,PPL,-0.8863283468986736
2022-09-30,NRG,-1.5761709436795175
2022-10-31,AEP,1.2558576747294492
2022-10-31,D,1.1983840756013329
2022-10-31,VST,1.162296789486273
2022-10-31,CNP,0.03201604796433141
2022-10-31,FE,-0.11515436325551034
2022-10-31,EXC,-0.4368850329599492
2022-10-31,PEG,-0.7372425256732952
2022-10-31,PPL,-0.9516024572671422
2022-10-31,NRG,-1.407670208625489
2022-11-30,VST,1.469088268002908
2022-11-30,AEP,1.2239129022164372
2022-11-30,D,1.1035539478148697
2022-11-30,CNP,-0.08493621673236193
2022-11-30,FE,-0.2661690970540854
2022-11-30,EXC,-0.6275249352936053
2022-11-30,NRG,-0.9007142470818412
2022-11-30,PEG,-0.9085882133309525
2022-11-30,PPL,-1.0086224085413684
2022-12-30,VST,1.6039772739036178
2022-12-30,AEP,1.1829761779998078
2022-12-30,D,1.0027578579391783
2022-12-30,CNP,-0.1539844927513966
2022-12-30,FE,-0.34658413007680683
2022-12-30,NRG,-0.5432703172077468
2022-12-30,EXC,-0.7088391356416844
2022-12-30,PEG,-0.9631929970122067
2022-12-30,PPL,-1.0738402371527627
2023-01-31,VST,1.636025006845427
2023-01-31,AEP,1.1717815397676774
2023-01-31,D,0.982443341335761
2023-01-31,CNP,-0.13617144233499823
2023-01-31,FE,-0.3276829012011367
2023-01-31,EXC,-0.6740796963350353
2023-01-31,NRG,-0.6932088461665129
2023-01-31,PEG,-0.9282481807119887
2023-01-31,PPL,-1.0308588211991938
2023-02-28,VST,1.7506517165791342
2023-02-28,AEP,1.252090677187671
2023-02-28,FE,1.1597621236476887
2023-02-28,D,1.0489862721791556
2023-02-28,CNP,-0.07324730852970553
2023-02-28,ETR,-0.07324730852970553
2023-02-28,WEC,-0.07324730852970553
2023-02-28,DTE,-0.07324730852970553
2023-02-28,CMS,-0.07324730852970553
2023-02-28,AEE,-0.07324730852970553
2023-02-28,NRG,-0.9283932635253773
2023-02-28,EXC,-1.0231062342243589
2023-02-28,PEG,-1.3679182639412166
2023-02-28,PPL,-1.4525891767244639
2023-03-31,VST,1.6578523982522135
2023-03-31,FE,1.5821619406881622
2023-03-31,AEP,1.2678389443391758
2023-03-31,D,1.0138081036613336
2023-03-31,CNP,-0.061287609581562784
2023-03-31,ETR,-0.061287609581562784
2023-03-31,WEC,-0.061287609581562784
2023-03-31,DTE,-0.061287609581562784
2023-03-31,CMS,-0.061287609581562784
2023-03-31,PCG,-0.061287609581562784
2023-03-31,EIX,-0.061287609581562784
2023-03-31,AEE,-0.061287609581562784
2023-03-31,NRG,-0.7531759005508519
2023-03-31,EXC,-0.9028348948293966
2023-03-31,PEG,-1.6421800387842245
2023-03-31,PPL,-1.73316967612391
2023-04-28,VST,1.6538867382965858
2023-04-28,FE,1.5671653742731901
2023-04-28,AEP,1.1474507006238543
2023-04-28,D,1.028923593330903
2023-04-28,NRG,0.06824913220690504
2023-04-28,CNP,-0.11534575033011199
2023-04-28,ETR,-0.11534575033011199
2023-04-28,WEC,-0.11534575033011199
2023-04-28,DTE,-0.11534575033011199
2023-04-28,CMS,-0.11534575033011199
2023-04-28,PCG,-0.11534575033011199
2023-04-28,EIX,-0.11534575033011199
2023-04-28,AEE,-0.11534575033011199
2023-04-28,EXC,-0.9735659872225532
2023-04-28,PEG,-1.7383469544635852
2023-04-28,PPL,-1.8309965944044047
2023-05-31,VST,1.5597611912778033
2023-05-31,FE,1.3322384748389444
2023-05-31,AEP,1.2500216472914196
2023-05-31,D,1.1076237123823476
2023-05-31,NRG,0.5091140447283012
2023-05-31,CNP,-0.15614395892669938
2023-05-31,ETR,-0.15614395892669938
2023-05-31,WEC,-0.15614395892669938
2023-05-31,DTE,-0.15614395892669938
2023-05-31,CMS,-0.15614395892669938
2023-05-31,PCG,-0.15614395892669938
2023-05-31,EIX,-0.15614395892669938
2023-05-31,AEE,-0.15614395892669938
2023-05-31,EXC,-0.7894751574883864
2023-05-31,PEG,-1.8067102600724554
2023-05-31,PPL,-1.9134219815443794
2023-06-30,VST,1.4463715973789713
2023-06-30,AEP,1.3559516903462647
2023-06-30,FE,1.3287041820689043
2023-06-30,D,1.2646882365316232
2023-06-30,NRG,0.2862790366397601
2023-06-30,CNP,-0.13527976421739235
2023-06-30,ETR,-0.13527976421739235
2023-06-30,WEC,-0.13527976421739235
2023-06-30,DTE,-0.13527976421739235
2023-06-30,CMS,-0.13527976421739235
2023-06-30,PCG,-0.13527976421739235
2023-06-30,EIX,-0.13527976421739235
2023-06-30,AEE,-0.13527976421739235
2023-06-30,EXC,-1.0059421047415635
2023-06-30,PEG,-1.7399795154503659
2023-06-30,PPL,-1.8538350090344546
2023-07-31,VST,1.3673233057110419
2023-07-31,AEP,1.2610373193761577
2023-07-31,FE,1.2477088332468547
2023-07-31,D,1.1517442665179394
2023-07-31,NRG,0.9792308257944066
2023-07-31,CNP,-0.17957177297917418
2023-07-31,ETR,-0.17957177297917418
2023-07-31,WEC,-0.17957177297917418
2023-07-31,DTE,-0.17957177297917418
2023-07-31,CMS,-0.17957177297917418
2023-07-31,PCG,-0.17957177297917418
2023-07-31,EIX,-0.17957177297917418
2023-07-31,AEE,-0.17957177297917418
2023-07-31,EXC,-0.9633308189858343
2023-07-31,PEG,-1.747336510490326
2023-07-31,PPL,-1.8598030373368462
2023-08-31,AEP,1.4885974579938523
2023-08-31,D,1.4303598764104821
2023-08-31,FE,1.381168693270945
2023-08-31,NRG,1.1442396925271487
2023-08-31,CNP,-0.06131598067813576
2023-08-31,ETR,-0.06131598067813576
2023-08-31,WEC,-0.06131598067813576
2023-08-31,DTE,-0.06131598067813576
2023-08-31,CMS,-0.06131598067813576
2023-08-31,PCG,-0.06131598067813576
2023-08-31,EIX,-0.06131598067813576
2023-08-31,AEE,-0.06131598067813576
2023-08-31,VST,-0.4005244246508113
2023-08-31,EXC,-0.9942124883698572
2023-08-31,PEG,-1.7136661575169194
2023-08-31,PPL,-1.8454348042397537
2023-09-29,NRG,1.6093866652738182
2023-09-29,AEP,1.4742544480244661
2023-09-29,D,1.2000943734759522
2023-09-29,FE,1.183762974627846
2023-09-29,CNP,-0.08444379145005781
2023-09-29,ETR,-0.08444379145005781
2023-09-29,WEC,-0.08444379145005781
2023-09-29,DTE,-0.08444379145005781
2023-09-29,CMS,-0.08444379145005781
2023-09-29,PCG,-0.08444379145005781
2023-09-29,EIX,-0.08444379145005781
2023-09-29,AEE,-0.08444379145005781
2023-09-29,VST,-0.3398802470041593
2023-09-29,EXC,-0.8441432477476783
2023-09-29,PEG,-1.7792178602299364
2023-09-29,PPL,-1.8287067748198458
2023-10-31,NRG,1.6347465459118817
2023-10-31,AEP,1.4481770240802028
2023-10-31,D,1.186615261532326
2023-10-31,FE,1.182992042977772
2023-10-31,CNP,-0.07782869986703309
2023-10-31,ETR,-0.07782869986703309
2023-10-31,WEC,-0.07782869986703309
2023-10-31,DTE,-0.07782869986703309
2023-10-31,CMS,-0.07782869986703309
2023-10-31,PCG,-0.07782869986703309
2023-10-31,EIX,-0.07782869986703309
2023-10-31,AEE,-0.07782869986703309
2023-10-31,VST,-0.4766436930372749
2023-10-31,EXC,-0.7078245643129275
2023-10-31,PPL,-1.7943716364179274
2023-10-31,PEG,-1.851061381797788
2023-11-30,AEP,1.4700697344467912
2023-11-30,NRG,1.3278104185706094
2023-11-30,FE,1.277795239130019
2023-11-30,D,1.2706463762241735
2023-11-30,CNP,-0.04658700081587629
2023-11-30,ETR,-0.04658700081587629
2023-11-30,WEC,-0.04658700081587629
2023-11-30,DTE,-0.04658700081587629
2023-11-30,CMS,-0.04658700081587629
2023-11-30,PCG,-0.04658700081587629
2023-11-30,EIX,-0.04658700081587629
2023-11-30,AEE,-0.04658700081587629
2023-11-30,VST,-0.515077169722466
2023-11-30,EXC,-0.7039174720149418
2023-11-30,PPL,-1.8480147898595742
2023-11-30,PEG,-1.9066163302476016
2023-12-29,AEP,1.6091953168600863
2023-12-29,FE,1.4413770868292552
2023-12-29,D,1.432685208980218
2023-12-29,CNP,0.18682140974831696
2023-12-29,ETR,0.18682140974831696
2023-12-29,WEC,0.18682140974831696
2023-12-29,DTE,0.18682140974831696
2023-12-29,CMS,0.18682140974831696
2023-12-29,PCG,0.18682140974831696
2023-12-29,EIX,0.18682140974831696
2023-12-29,AEE,0.18682140974831696
2023-12-29,EXC,-0.43264568080748567
2023-12-29,NRG,-1.1274645189823334
2023-12-29,VST,-1.3185240314804498
2023-12-29,PPL,-1.5200187230152076
2023-12-29,PEG,-1.5791759363706186
2024-01-31,AEP,1.5651405431961976
2024-01-31,FE,1.390911266919974
2024-01-31,D,1.3506685034386983
2024-01-31,CNP,0.15242090273167122
2024-01-31,ETR,0.15242090273167122
2024-01-31,WEC,0.15242090273167122
2024-01-31,DTE,0.15242090273167122
2024-01-31,CMS,0.15242090273167122
2024-01-31,PCG,0.15242090273167122
2024-01-31,EIX,0.15242090273167122
2024-01-31,AEE,0.15242090273167122
2024-01-31,NRG,-0.054124090039149725
2024-01-31,EXC,-0.4794773613447186
2024-01-31,PPL,-1.5173018535815073
2024-01-31,PEG,-1.610996540861519
2024-01-31,VST,-1.8641876895813454
2024-02-29,AEP,1.4447870377693157
2024-02-29,FE,1.2787632282041468
2024-02-29,D,1.2114514146861517
2024-02-29,NRG,1.0071603083261254
2024-02-29,CNP,0.07598684459302957
2024-02-29,ETR,0.07598684459302957
2024-02-29,WEC,0.07598684459302957
2024-02-29,DTE,0.07598684459302957
2024-02-29,CMS,0.07598684459302957
2024-02-29,PCG,0.07598684459302957
2024-02-29,EIX,0.07598684459302957
2024-02-29,AEE,0.07598684459302957
2024-02-29,EXC,-0.5264789457330507
2024-02-29,PPL,-1.532235116001373
2024-02-29,PEG,-1.624190477430938
2024-02-29,VST,-1.8671522065646153
2024-03-28,NRG,1.559889918676952
2024-03-28,AEP,1.476129970397081
2024-03-28,FE,1.2189573110466514
2024-03-28,D,1.0166018904163687
2024-03-28,CNP,0.003552436672499937
2024-03-28,ETR,0.003552436672499937
2024-03-28,WEC,0.003552436672499937
2024-03-28,DTE,0.003552436672499937
2024-03-28,CMS,0.003552436672499937
2024-03-28,PCG,0.003552436672499937
2024-03-28,EIX,0.003552436672499937
2024-03-28,AEE,0.003552436672499937
2024-03-28,EXC,-0.5382846834965751
2024-03-28,VST,-1.4701111791205377
2024-03-28,PPL,-1.6410607380093145
2024-03-28,PEG,-1.650541983290625
2024-04-30,AEP,1.6367083127858977
2024-04-30,FE,1.4720697317922151
2024-04-30,D,1.2507940053394457
2024-04-30,CNP,0.20970677322727005
2024-04-30,ETR,0.20970677322727005
2024-04-30,WEC,0.20970677322727005
2024-04-30,DTE,0.20970677322727005
2024-04-30,CMS,0.20970677322727005
2024-04-30,PCG,0.20970677322727005
2024-04-30,EIX,0.20970677322727005
2024-04-30,AEE,0.20970677322727005
2024-04-30,EXC,-0.34721338601676177
2024-04-30,NRG,-1.3445847834239621
2024-04-30,VST,-1.3479964760385743
2024-04-30,PPL,-1.4943816218490755
2024-04-30,PEG,-1.5030499684073453
2024-05-31,VST,1.6951603088545313
2024-05-31,AEP,1.4504886149037077
2024-05-31,FE,1.1776229844598791
2024-05-31,D,0.9369433114244153
2024-05-31,NRG,0.21065247063346376
2024-05-31,CNP,-0.12572520213679875
2024-05-31,ETR,-0.12572520213679875
2024-05-31,WEC,-0.12572520213679875
2024-05-31,DTE,-0.12572520213679875
2024-05-31,CMS,-0.12572520213679875
2024-05-31,PCG,-0.12572520213679875
2024-05-31,EIX,-0.12572520213679875
2024-05-31,AEE,-0.12572520213679875
2024-05-31,EXC,-0.6961623900713902
2024-05-31,PPL,-1.87866356312771
2024-05-31,PEG,-1.8902401199825074
2024-06-28,VST,1.8923933693858241
2024-06-28,AEP,1.519854055236265
2024-06-28,FE,1.267240844778716
2024-06-28,D,0.4898073368340724
2024-06-28,NRG,0.34351551604516684
2024-06-28,CNP,-0.15079934891914035
2024-06-28,ETR,-0.15079934891914035
2024-06-28,WEC,-0.15079934891914035
2024-06-28,DTE,-0.15079934891914035
2024-06-28,CMS,-0.15079934891914035
2024-06-28,PCG,-0.15079934891914035
2024-06-28,EIX,-0.15079934891914035
2024-06-28,AEE,-0.15079934891914035
2024-06-28,EXC,-0.7137772138224495
2024-06-28,PPL,-1.7877138131318817
2024-06-28,PEG,-1.8049253039725899
2024-07-31,VST,1.9845413650426231
2024-07-31,AEP,1.414937344217123
2024-07-31,FE,1.1751059855057193
2024-07-31,NRG,0.7208979005445522
2024-07-31,D,0.42148917543647146
2024-07-31,CNP,-0.18491356255412614
2024-07-31,ETR,-0.18491356255412614
2024-07-31,WEC,-0.18491356255412614
2024-07-31,DTE,-0.18491356255412614
2024-07-31,CMS,-0.18491356255412614
2024-07-31,PCG,-0.18491356255412614
2024-07-31,EIX,-0.18491356255412614
2024-07-31,AEE,-0.18491356255412614
2024-07-31,EXC,-0.7189166041361742
2024-07-31,PPL,-1.7506395428971682
2024-07-31,PEG,-1.768107123280138
2024-08-30,VST,1.9469251708312545
2024-08-30,AEP,1.362273732854938
2024-08-30,FE,1.150892764780298
2024-08-30,NRG,0.9483314921216061
2024-08-30,D,0.4078722350176535
2024-08-30,CNP,-0.1997747044644672
2024-08-30,ETR,-0.1997747044644672
2024-08-30,WEC,-0.1997747044644672
2024-08-30,DTE,-0.1997747044644672
2024-08-30,CMS,-0.1997747044644672
2024-08-30,PCG,-0.1997747044644672
2024-08-30,EIX,-0.1997747044644672
2024-08-30,AEE,-0.1997747044644672
2024-08-30,EXC,-0.7164830546259529
2024-08-30,PPL,-1.7416990896850861
2024-08-30,PEG,-1.759915615578974
2024-09-30,VST,1.9299257342624518
2024-09-30,AEP,1.3484806503724325
2024-09-30,FE,1.1188630361144092
2024-09-30,NRG,1.0658367839064515
2024-09-30,D,0.3911468018608192
2024-09-30,CNP,-0.20597821336965708
2024-09-30,ETR,-0.20597821336965708
2024-09-30,WEC,-0.20597821336965708
2024-09-30,DTE,-0.20597821336965708
2024-09-30,CMS,-0.20597821336965708
2024-09-30,PCG,-0.20597821336965708
2024-09-30,EIX,-0.20597821336965708
2024-09-30,AEE,-0.20597821336965708
2024-09-30,EXC,-0.7295523681076055
2024-09-30,PPL,-1.7301993126613926
2024-09-30,PEG,-1.746675618790309
2024-10-31,VST,1.9253851927337258
2024-10-31,AEP,1.373722718351382
2024-10-31,FE,1.1520440636911478
2024-10-31,NRG,0.9807520047157539
2024-10-31,D,0.3916064859460512
2024-10-31,CNP,-0.1999190719001813
2024-10-31,ETR,-0.1999190719001813
2024-10-31,WEC,-0.1999190719001813
2024-10-31,DTE,-0.1999190719001813
2024-10-31,CMS,-0.1999190719001813
2024-10-31,PCG,-0.1999190719001813
2024-10-31,EIX,-0.1999190719001813
2024-10-31,AEE,-0.1999190719001813
2024-10-31,EXC,-0.727059095881076
2024-10-31,PPL,-1.740300358091486
2024-10-31,PEG,-1.756798436264049
2024-11-29,VST,2.0450249730408396
2024-11-29,AEP,1.3999918380059595
2024-11-29,FE,1.277934794884319
2024-11-29,D,0.4674541592310347
2024-11-29,NRG,0.36326155097650364
2024-11-29,CNP,-0.16883648813953978
2024-11-29,ETR,-0.16883648813953978
2024-11-29,WEC,-0.16883648813953978
2024-11-29,DTE,-0.16883648813953978
2024-11-29,CMS,-0.16883648813953978
2024-11-29,PCG,-0.16883648813953978
2024-11-29,EIX,-0.16883648813953978
2024-11-29,AEE,-0.16883648813953978
2024-11-29,EXC,-0.6902376952817744
2024-11-29,PPL,-1.747183429726308
2024-11-29,PEG,-1.7655542860142555
2024-12-31,VST,2.0251631543480735
2024-12-31,FE,1.4846905558460854
2024-12-31,AEP,1.3437623624413038
2024-12-31,NRG,0.7996923088662056
2024-12-31,D,-0.18291285996992818
2024-12-31,CNP,-0.21165692864534383
2024-12-31,ETR,-0.21165692864534383
2024-12-31,WEC,-0.21165692864534383
2024-12-31,DTE,-0.21165692864534383
2024-12-31,CMS,-0.21165692864534383
2024-12-31,PCG,-0.21165692864534383
2024-12-31,EIX,-0.21165692864534383
2024-12-31,AEE,-0.21165692864534383
2024-12-31,EXC,-0.40599214897843305
2024-12-31,PPL,-1.6141321595595721
2024-12-31,PEG,-1.7570157838309848
2025-01-31,VST,2.138019631843766
2025-01-31,FE,1.6465605197033555
2025-01-31,AEP,1.2228057995144193
2025-01-31,NRG,0.5929040304834293
2025-01-31,CNP,-0.193426345970614
2025-01-31,ETR,-0.193426345970614
2025-01-31,WEC,-0.193426345970614
2025-01-31,DTE,-0.193426345970614
2025-01-31,CMS,-0.193426345970614
2025-01-31,PCG,-0.193426345970614
2025-01-31,EIX,-0.193426345970614
2025-01-31,AEE,-0.193426345970614
2025-01-31,D,-0.2913669814412936
2025-01-31,EXC,-0.542313170796332
2025-01-31,PPL,-1.5354655521254592
2025-01-31,PEG,-1.6837335094169734
2025-02-28,VST,2.186324821791242
2025-02-28,FE,1.8109203263172873
2025-02-28,AEP,1.2613350833917436
2025-02-28,NRG,0.6902347819111765
2025-02-28,CNP,-0.17328303374859033
2025-02-28,ETR,-0.17328303374859033
2025-02-28,WEC,-0.17328303374859033
2025-02-28,DTE,-0.17328303374859033
2025-02-28,CMS,-0.17328303374859033
2025-02-28,PCG,-0.17328303374859033
2025-02-28,EIX,-0.17328303374859033
2025-02-28,XEL,-0.17328303374859033
2025-02-28,AEE,-0.17328303374859033
2025-02-28,EVRG,-0.17328303374859033
2025-02-28,D,-0.18423894857229783
2025-02-28,EXC,-0.48388288353795117
2025-02-28,PPL,-1.6993023848986017
2025-02-28,PEG,-1.848560458916695
2025-03-31,VST,2.2674270715265448
2025-03-31,FE,1.820006638290218
2025-03-31,AEP,1.2606147938280248
2025-03-31,NRG,0.47434545845305803
2025-03-31,CNP,-0.1642535062419243
2025-03-31,ETR,-0.1642535062419243
2025-03-31,WEC,-0.1642535062419243
2025-03-31,DTE,-0.1642535062419243
2025-03-31,CMS,-0.1642535062419243
2025-03-31,PCG,-0.1642535062419243
2025-03-31,EIX,-0.1642535062419243
2025-03-31,XEL,-0.1642535062419243
2025-03-31,AEE,-0.1642535062419243
2025-03-31,EVRG,-0.1642535062419243
2025-03-31,D,-0.19085649866464507
2025-03-31,EXC,-0.46905840821657413
2025-03-31,PPL,-1.6859448163533348
2025-03-31,PEG,-1.8339991764440489
2025-04-30,VST,2.196666999363869
2025-04-30,FE,2.0899518086283666
2025-04-30,D,0.8322218808884491
2025-04-30,NRG,0.40351912054767747
2025-04-30,AEP,0.0711637313823778
2025-04-30,CNP,-0.12229543011818012
2025-04-30,ETR,-0.12229543011818012
2025-04-30,WEC,-0.12229543011818012
2025-04-30,DTE,-0.12229543011818012
2025-04-30,CMS,-0.12229543011818012
2025-04-30,PCG,-0.12229543011818012
2025-04-30,EIX,-0.12229543011818012
2025-04-30,XEL,-0.12229543011818012
2025-04-30,AEE,-0.12229543011818012
2025-04-30,EVRG,-0.12229543011818012
2025-04-30,EXC,-0.9280670397128289
2025-04-30,PEG,-1.6505776803346295
2025-04-30,PPL,-1.7919245195814808
2025-05-30,FE,2.002743880643545
2025-05-30,VST,1.878004466488644
2025-05-30,D,0.9864499126225819
2025-05-30,NRG,0.7604488365833396
2025-05-30,AEE,0.45875618799053713
2025-05-30,AEP,0.3207315368127471
2025-05-30,CNP,-0.11218326401338335
2025-05-30,WEC,-0.11218326401338335
2025-05-30,CMS,-0.11218326401338335
2025-05-30,PCG,-0.11218326401338335
2025-05-30,EIX,-0.11218326401338335
2025-05-30,XEL,-0.11218326401338335
2025-05-30,EVRG,-0.11218326401338335
2025-05-30,DTE,-0.4888498761378705
2025-05-30,EXC,-0.6283104025577881
2025-05-30,PEG,-1.229615191288604
2025-05-30,PPL,-1.620745024451552
2025-05-30,ETR,-1.654331478611896
2025-06-30,FE,2.103135677022061
2025-06-30,VST,1.3653027777781956
2025-06-30,D,1.2578845975423574
2025-06-30,AEE,0.6883678306645667
2025-06-30,AEP,0.4758052289363446
2025-06-30,CNP,0.00865662547401066
2025-06-30,WEC,0.00865662547401066
2025-06-30,CMS,0.00865662547401066
2025-06-30,PCG,0.00865662547401066
2025-06-30,EIX,0.00865662547401066
2025-06-30,XEL,0.00865662547401066
2025-06-30,EVRG,0.00865662547401066
2025-06-30,NRG,-0.05076766126180933
2025-06-30,DTE,-0.43977011397019383
2025-06-30,EXC,-0.6899874622855763
2025-06-30,PEG,-1.2537303471295724
2025-06-30,PPL,-1.7287448818860291
2025-06-30,ETR,-1.7880920237284197
2025-07-31,FE,2.217223118989462
2025-07-31,D,1.1865956244329554
2025-07-31,AEP,0.9432563471352492
2025-07-31,AEE,0.9244124159984899
2025-07-31,CNP,0.17134689611562307
2025-07-31,WEC,0.17134689611562307
2025-07-31,CMS,0.17134689611562307
2025-07-31,PCG,0.17134689611562307
2025-07-31,EIX,0.17134689611562307
2025-07-31,XEL,0.17134689611562307
2025-07-31,EVRG,0.17134689611562307
2025-07-31,NRG,-0.07119405071614568
2025-07-31,DTE,-0.3254739788238399
2025-07-31,EXC,-0.4683620610485113
2025-07-31,VST,-0.7951391053620078
2025-07-31,PEG,-1.4330243620975274
2025-07-31,PPL,-1.6366612238647509
2025-07-31,ETR,-1.7410609974527356
2025-08-29,FE,1.702810938301008
2025-08-29,ETR,1.5081559427566609
2025-08-29,AEE,1.1869182443452346
2025-08-29,D,0.5213274497676541
2025-08-29,CNP,0.46386719690047856
2025-08-29,CMS,0.4358588539289142
2025-08-29,AEP,0.3891641293046562
2025-08-29,XEL,0.2805868229548118
2025-08-29,WEC,0.27414272007115026
2025-08-29,EVRG,0.27134252780447676
2025-08-29,DTE,-0.23333038201717946
2025-08-29,EXC,-0.32660641671546775
2025-08-29,EIX,-0.4719035067583432
2025-08-29,PCG,-0.5478623845555463
2025-08-29,PEG,-0.7742454551953039
2025-08-29,PPL,-0.88571656188751
2025-08-29,NRG,-1.6802589456669528
2025-08-29,VST,-2.114251173338743
2025-09-30,FE,1.6643934503468274
2025-09-30,ETR,1.4730900433970697
2025-09-30,AEE,1.1632454758136346
2025-09-30,D,0.5052076305763729
2025-09-30,CNP,0.46583841479883814
2025-09-30,CMS,0.43882342571235117
2025-09-30,AEP,0.38239661223805765
2025-09-30,XEL,0.2890583279891219
2025-09-30,WEC,0.2828427739575586
2025-09-30,EVRG,0.2801418943089107
2025-09-30,DTE,-0.2066321060280405
2025-09-30,EXC,-0.2888617137527519
2025-09-30,EIX,-0.4367439112053417
2025-09-30,PCG,-0.5100088043408114
2025-09-30,PEG,-0.7245744970191564
2025-09-30,PPL,-0.8307095108904415
2025-09-30,NRG,-1.786529073896822
2025-09-30,VST,-2.1609784320053773
2025-10-31,FE,1.7050845956895366
2025-10-31,ETR,1.5071193426729692
2025-10-31,AEE,1.1868507742406302
2025-10-31,D,0.533105013191892
2025-10-31,CNP,0.4659810724161246
2025-10-31,CMS,0.43805722676530584
2025-10-31,AEP,0.34226493808864733
2025-10-31,XEL,0.28325363016511085
2025-10-31,WEC,0.2768289682540492
2025-10-31,EVRG,0.2740372237825326
2025-10-31,DTE,-0.22911315724203668
2025-10-31,EXC,-0.3013623265992772
2025-10-31,EIX,-0.4669665396598849
2025-10-31,PCG,-0.5426962599640069
2025-10-31,PEG,-0.762949748779356
2025-10-31,PPL,-0.8781101536459244
2025-10-31,NRG,-1.8119903010255618
2025-10-31,VST,-2.01939429835075
2025-11-28,FE,1.7418810905198847
2025-11-28,AEE,1.5825530016664269
2025-11-28,EVRG,1.553433656654228
2025-11-28,ETR,1.019465633647768
2025-11-28,AEP,0.5063081746827569
2025-11-28,EIX,0.4016022591751546
2025-11-28,D,0.34223498465708735
2025-11-28,CMS,-0.11380084089358786
2025-11-28,EXC,-0.14999817428918025
2025-11-28,XEL,-0.26342610870983746
2025-11-28,DTE,-0.2682897518943783
2025-11-28,WEC,-0.43387668992669437
2025-11-28,PEG,-0.5583005284767749
2025-11-28,CNP,-0.6235935760999577
2025-11-28,PPL,-0.6804343384237641
2025-11-28,PCG,-0.8589634500696913
2025-11-28,NRG,-1.3770909774122244
2025-11-28,VST,-1.8197043648072169
2025-12-31,FE,1.8423844117035586
2025-12-31,AEE,1.6520881827828664
2025-12-31,EVRG,1.6205941521379033
2025-12-31,ETR,1.0430809809813795
2025-12-31,AEP,0.4318973598816202
2025-12-31,EIX,0.3748307836679108
2025-12-31,D,0.2041892050009156
2025-12-31,CMS,-0.18260349314270946
2025-12-31,EXC,-0.1827190804919928
2025-12-31,XEL,-0.3444307172060147
2025-12-31,DTE,-0.34969099100118156
2025-12-31,WEC,-0.5287815611568869
2025-12-31,PEG,-0.6293021144952582
2025-12-31,NRG,-0.6670016709608799
2025-12-31,CNP,-0.7339698792493674
2025-12-31,PPL,-0.7602851828714204
2025-12-31,PCG,-0.9735908388229704
2025-12-31,VST,-1.8166895467574735
